time,valgus
2019-04-15 08:23:22,879
2019-04-15 08:33:24,878
2019-04-15 08:43:27,874
2019-04-15 08:53:30,879
2019-04-15 09:03:32,880
2019-04-15 09:13:35,880
2019-04-15 09:23:37,881
2019-04-15 09:33:40,884
2019-04-15 09:43:43,885
2019-04-15 09:53:46,893
2019-04-15 10:03:47,900
2019-04-15 10:13:51,905
2019-04-15 10:23:53,914
2019-04-15 10:33:56,919
2019-04-15 10:43:59,921
2019-04-15 10:54:01,918
2019-04-15 11:04:03,917
2019-04-15 11:14:06,908
2019-04-15 11:24:08,902
2019-04-15 11:34:09,895
2019-04-15 11:44:11,893
2019-04-15 11:54:15,890
2019-04-15 12:04:17,889
2019-04-15 12:14:21,890
2019-04-15 12:24:24,888
2019-04-15 12:34:26,888
2019-04-15 12:44:29,889
2019-04-15 12:54:30,888
2019-04-15 13:04:32,886
2019-04-15 13:14:35,886
2019-04-15 13:24:38,884
2019-04-15 13:34:41,885
2019-04-15 13:44:43,881
2019-04-15 13:54:45,879
2019-04-15 14:04:47,877
2019-04-15 14:14:50,876
2019-04-15 14:24:53,869
2019-04-15 14:34:56,867
2019-04-15 14:44:59,857
2019-04-15 14:55:01,850
2019-04-15 15:05:03,838
2019-04-15 15:15:06,830
2019-04-15 15:25:08,819
2019-04-15 15:35:10,808
2019-04-15 15:45:12,800
2019-04-15 15:55:14,783
2019-04-15 16:05:16,770
2019-04-15 16:15:18,754
2019-04-15 16:25:21,744
2019-04-15 16:35:24,728
2019-04-15 16:45:26,705
2019-04-15 16:55:27,675
2019-04-15 17:05:29,636
2019-04-15 17:15:33,588
2019-04-15 17:25:36,534
2019-04-15 17:35:37,466
2019-04-15 17:45:39,440
2019-04-15 17:55:43,402
2019-04-15 18:05:46,401
2019-04-15 18:15:48,406
2019-04-15 18:25:50,397
2019-04-15 18:35:53,400
2019-04-15 18:45:55,401
2019-04-15 18:55:59,388
2019-04-15 19:06:02,404
2019-04-15 19:16:04,404
2019-04-15 19:26:07,408
2019-04-15 19:36:09,405
2019-04-15 19:46:12,396
2019-04-15 19:56:14,402
2019-04-15 20:06:17,401
2019-04-15 20:16:19,390
2019-04-15 20:26:21,404
2019-04-15 20:36:24,402
2019-04-15 20:46:27,405
2019-04-15 20:56:29,399
2019-04-15 21:06:31,404
2019-04-15 21:16:34,412
2019-04-15 21:26:38,391
2019-04-15 21:36:40,405
2019-04-15 21:46:43,397
2019-04-15 21:56:45,408
2019-04-15 22:06:47,402
2019-04-15 22:16:50,398
2019-04-15 22:26:53,394
2019-04-15 22:36:56,400
2019-04-15 22:46:59,410
2019-04-15 22:57:02,397
2019-04-15 23:07:04,414
2019-04-15 23:17:08,397
2019-04-15 23:27:10,396
2019-04-15 23:37:12,402
2019-04-15 23:47:15,403
2019-04-15 23:57:18,406
2019-04-16 00:07:21,393
2019-04-16 00:17:24,409
2019-04-16 00:27:26,401
2019-04-16 00:37:30,390
2019-04-16 00:47:33,400
2019-04-16 00:57:36,389
2019-04-16 01:07:38,397
2019-04-16 01:17:41,391
2019-04-16 01:27:44,403
2019-04-16 01:37:46,404
2019-04-16 01:47:49,400
2019-04-16 01:57:52,400
2019-04-16 02:07:55,393
2019-04-16 02:17:58,397
2019-04-16 02:28:02,406
2019-04-16 02:38:05,406
2019-04-16 02:48:08,427
2019-04-16 02:58:10,457
2019-04-16 03:08:13,516
2019-04-16 03:18:15,561
2019-04-16 03:28:18,606
2019-04-16 03:38:21,645
2019-04-16 03:57:39,694
2019-04-16 04:07:42,716
2019-04-16 04:17:44,733
2019-04-16 04:27:47,750
2019-04-16 04:37:50,765
2019-04-16 04:47:52,773
2019-04-16 04:57:55,786
2019-04-16 05:07:58,797
2019-04-16 05:18:01,806
2019-04-16 05:28:03,816
2019-04-16 05:38:06,824
2019-04-16 05:48:09,831
2019-04-16 05:58:11,840
2019-04-16 06:08:14,845
2019-04-16 06:18:17,849
2019-04-16 06:28:19,853
2019-04-16 06:38:22,859
2019-04-16 06:48:24,861
2019-04-16 06:58:27,868
2019-04-16 07:08:29,868
2019-04-16 07:18:32,870
2019-04-16 07:28:34,872
2019-04-16 07:38:37,876
2019-04-16 07:48:39,876
2019-04-16 07:58:42,876
2019-04-16 08:08:45,879
2019-04-16 08:18:48,880
2019-04-16 08:28:50,880
2019-04-16 08:38:53,880
2019-04-16 08:48:55,881
2019-04-16 08:58:58,883
2019-04-16 09:09:00,885
2019-04-16 09:19:03,885
2019-04-16 09:29:05,886
2019-04-16 09:39:08,893
2019-04-16 09:49:11,897
2019-04-16 09:59:13,903
2019-04-16 10:09:16,908
2019-04-16 10:19:18,917
2019-04-16 10:29:20,924
2019-04-16 10:39:23,925
2019-04-16 10:49:26,921
2019-04-16 10:59:29,914
2019-04-16 11:09:32,916
2019-04-16 11:19:35,906
2019-04-16 11:29:38,900
2019-04-16 11:39:41,897
2019-04-16 11:49:43,895
2019-04-16 11:59:46,895
2019-04-16 12:09:49,893
2019-04-16 12:19:51,893
2019-04-16 12:29:53,892
2019-04-16 12:39:56,891
2019-04-16 12:49:59,890
2019-04-16 13:00:02,888
2019-04-16 13:10:04,889
2019-04-16 13:20:07,888
2019-04-16 13:30:10,884
2019-04-16 13:40:12,885
2019-04-16 13:50:15,881
2019-04-16 14:00:18,883
2019-04-16 14:10:23,880
2019-04-16 14:20:25,873
2019-04-16 14:30:28,870
2019-04-16 14:40:30,866
2019-04-16 14:50:33,869
2019-04-16 15:00:36,860
2019-04-16 15:10:39,854
2019-04-16 15:20:41,848
2019-04-16 15:30:44,837
2019-04-16 15:40:47,831
2019-04-16 15:50:49,822
2019-04-16 16:00:51,817
2019-04-16 16:10:54,807
2019-04-16 16:20:56,797
2019-04-16 16:30:59,786
2019-04-16 16:41:01,774
2019-04-16 16:51:04,758
2019-04-16 17:01:06,738
2019-04-16 17:11:09,721
2019-04-16 17:21:13,687
2019-04-16 17:31:17,658
2019-04-16 17:41:19,640
2019-04-16 17:51:22,630
2019-04-16 18:01:24,615
2019-04-16 18:11:26,608
2019-04-16 18:21:29,618
2019-04-16 18:31:31,620
2019-04-16 18:41:33,622
2019-04-16 18:51:36,624
2019-04-16 19:01:38,609
2019-04-16 19:11:41,209
2019-04-16 19:21:43,207
2019-04-16 19:31:46,209
2019-04-16 19:41:48,207
2019-04-16 19:51:51,207
2019-04-16 20:01:54,202
2019-04-16 20:11:56,201
2019-04-16 20:21:59,205
2019-04-16 20:32:02,200
2019-04-16 20:42:05,197
2019-04-16 20:52:07,193
2019-04-16 21:02:10,187
2019-04-16 21:12:12,186
2019-04-16 21:22:15,184
2019-04-16 21:32:17,195
2019-04-16 21:42:20,196
2019-04-16 21:52:23,192
2019-04-16 22:02:25,204
2019-04-16 22:12:28,200
2019-04-16 22:22:30,197
2019-04-16 22:32:34,198
2019-04-16 22:42:36,206
2019-04-16 22:52:39,200
2019-04-16 23:02:42,197
2019-04-16 23:12:46,193
2019-04-16 23:22:49,204
2019-04-16 23:32:52,190
2019-04-16 23:42:55,190
2019-04-16 23:52:58,189
2019-04-17 00:03:02,199
2019-04-17 00:13:04,200
2019-04-17 00:23:07,189
2019-04-17 00:33:10,189
2019-04-17 00:43:12,176
2019-04-17 00:53:15,180
2019-04-17 01:03:17,188
2019-04-17 01:13:20,177
2019-04-17 01:23:23,175
2019-04-17 01:33:26,169
2019-04-17 01:43:29,154
2019-04-17 01:53:31,154
2019-04-17 02:03:34,162
2019-04-17 02:13:37,163
2019-04-17 02:23:40,159
2019-04-17 02:33:42,168
2019-04-17 02:43:45,209
2019-04-17 02:53:47,293
2019-04-17 03:03:50,393
2019-04-17 03:13:53,483
2019-04-17 03:23:55,545
2019-04-17 03:33:58,603
2019-04-17 03:44:01,642
2019-04-17 03:54:03,665
2019-04-17 04:04:06,694
2019-04-17 04:14:09,722
2019-04-17 04:24:12,744
2019-04-17 04:34:14,762
2019-04-17 04:44:17,776
2019-04-17 04:54:19,792
2019-04-17 05:04:22,806
2019-04-17 05:14:24,817
2019-04-17 05:24:27,825
2019-04-17 05:34:30,833
2019-04-17 05:44:32,842
2019-04-17 05:54:34,848
2019-04-17 06:04:37,855
2019-04-17 06:14:40,859
2019-04-17 06:24:42,865
2019-04-17 06:34:44,869
2019-04-17 06:44:47,872
2019-04-17 06:54:50,874
2019-04-17 07:04:52,878
2019-04-17 07:14:56,880
2019-04-17 07:24:58,878
2019-04-17 07:35:00,881
2019-04-17 07:45:04,883
2019-04-17 07:55:07,884
2019-04-17 08:05:10,885
2019-04-17 08:15:12,885
2019-04-17 08:25:15,886
2019-04-17 08:35:18,888
2019-04-17 08:45:21,889
2019-04-17 08:55:23,889
2019-04-17 09:05:26,890
2019-04-17 09:15:28,892
2019-04-17 09:25:31,894
2019-04-17 09:35:33,897
2019-04-17 09:45:35,901
2019-04-17 09:55:38,906
2019-04-17 10:05:41,913
2019-04-17 10:15:43,919
2019-04-17 10:25:46,924
2019-04-17 10:35:49,925
2019-04-17 10:45:52,924
2019-04-17 10:55:54,918
2019-04-17 11:05:57,918
2019-04-17 11:15:59,908
2019-04-17 11:26:02,903
2019-04-17 11:36:05,900
2019-04-17 11:46:08,898
2019-04-17 11:56:10,897
2019-04-17 12:06:13,895
2019-04-17 12:16:16,893
2019-04-17 12:26:18,893
2019-04-17 12:36:21,892
2019-04-17 12:46:24,890
2019-04-17 12:56:26,890
2019-04-17 13:06:29,889
2019-04-17 13:16:32,888
2019-04-17 13:26:35,885
2019-04-17 13:36:37,885
2019-04-17 13:46:40,883
2019-04-17 13:56:43,881
2019-04-17 14:06:45,881
2019-04-17 14:16:48,874
2019-04-17 14:26:51,869
2019-04-17 14:36:53,866
2019-04-17 14:46:56,857
2019-04-17 14:56:59,845
2019-04-17 15:07:02,846
2019-04-17 15:17:04,834
2019-04-17 15:27:07,822
2019-04-17 15:37:09,816
2019-04-17 15:47:12,805
2019-04-17 15:57:15,795
2019-04-17 16:07:17,776
2019-04-17 16:17:20,765
2019-04-17 16:27:22,749
2019-04-17 16:37:24,734
2019-04-17 16:47:27,710
2019-04-17 16:57:30,678
2019-04-17 17:07:32,637
2019-04-17 17:17:35,578
2019-04-17 17:27:37,499
2019-04-17 17:37:40,401
2019-04-17 17:47:43,328
2019-04-17 17:57:45,261
2019-04-17 18:07:49,225
2019-04-17 18:17:51,208
2019-04-17 18:27:54,204
2019-04-17 18:37:56,198
2019-04-17 18:47:59,198
2019-04-17 18:58:01,197
2019-04-17 19:08:04,194
2019-04-17 19:28:12,196
2019-04-17 19:38:14,196
2019-04-17 19:48:17,201
2019-04-17 19:58:19,207
2019-04-17 20:08:22,211
2019-04-17 20:18:24,207
2019-04-17 20:28:27,210
2019-04-17 20:38:30,213
2019-04-17 20:48:32,208
2019-04-17 20:58:34,206
2019-04-17 21:08:37,205
2019-04-17 21:18:39,200
2019-04-17 21:28:42,199
2019-04-17 21:38:44,190
2019-04-17 21:48:47,182
2019-04-17 21:58:49,182
2019-04-17 22:08:52,178
2019-04-17 22:18:55,168
2019-04-17 22:28:58,159
2019-04-17 22:39:00,160
2019-04-17 22:49:03,168
2019-04-17 22:59:06,169
2019-04-17 23:09:09,168
2019-04-17 23:19:12,161
2019-04-17 23:29:14,154
2019-04-17 23:39:17,148
2019-04-17 23:49:20,147
2019-04-17 23:59:23,154
2019-04-18 00:09:26,145
2019-04-18 00:19:28,151
2019-04-18 00:29:31,154
2019-04-18 00:39:34,163
2019-04-18 00:49:37,159
2019-04-18 00:59:40,169
2019-04-18 01:09:42,172
2019-04-18 01:19:45,173
2019-04-18 01:29:48,183
2019-04-18 01:39:51,186
2019-04-18 01:49:53,185
2019-04-18 01:59:57,190
2019-04-18 02:10:00,194
2019-04-18 02:20:02,182
2019-04-18 02:30:05,189
2019-04-18 02:40:08,217
2019-04-18 02:50:11,268
2019-04-18 03:00:13,355
2019-04-18 03:10:16,457
2019-04-18 03:20:19,536
2019-04-18 03:30:22,594
2019-04-18 03:40:26,620
2019-04-18 03:50:28,650
2019-04-18 04:00:31,691
2019-04-18 04:10:34,720
2019-04-18 04:20:36,751
2019-04-18 04:30:39,764
2019-04-18 04:40:42,786
2019-04-18 04:50:44,808
2019-04-18 05:00:47,826
2019-04-18 05:10:49,847
2019-04-18 05:20:52,847
2019-04-18 05:30:55,855
2019-04-18 05:40:57,865
2019-04-18 05:51:00,868
2019-04-18 06:01:02,871
2019-04-18 06:11:05,891
2019-04-18 06:21:07,895
2019-04-18 06:31:10,890
2019-04-18 06:41:12,889
2019-04-18 06:51:14,886
2019-04-18 07:01:17,889
2019-04-18 07:11:20,889
2019-04-18 07:21:23,894
2019-04-18 07:31:25,897
2019-04-18 07:41:28,897
2019-04-18 07:51:31,900
2019-04-18 08:01:33,900
2019-04-18 08:11:36,903
2019-04-18 08:21:39,906
2019-04-18 08:31:41,902
2019-04-18 08:41:44,907
2019-04-18 08:51:47,904
2019-04-18 09:01:49,894
2019-04-18 09:11:52,888
2019-04-18 09:21:55,894
2019-04-18 09:31:58,895
2019-04-18 09:42:01,905
2019-04-18 09:52:04,907
2019-04-18 10:02:07,913
2019-04-18 10:12:09,919
2019-04-18 10:22:11,919
2019-04-18 10:32:14,921
2019-04-18 10:42:17,922
2019-04-18 10:52:19,915
2019-04-18 11:02:22,916
2019-04-18 11:12:24,907
2019-04-18 11:22:27,902
2019-04-18 11:32:29,897
2019-04-18 11:42:32,895
2019-04-18 11:52:35,895
2019-04-18 12:02:38,893
2019-04-18 12:12:41,890
2019-04-18 12:22:43,889
2019-04-18 12:32:46,888
2019-04-18 12:42:49,886
2019-04-18 12:52:51,884
2019-04-18 13:02:54,881
2019-04-18 13:12:56,881
2019-04-18 13:22:59,880
2019-04-18 13:33:02,881
2019-04-18 13:43:04,876
2019-04-18 13:53:07,876
2019-04-18 14:03:10,874
2019-04-18 14:23:12,865
2019-04-18 14:33:15,862
2019-04-18 14:43:18,848
2019-04-18 14:53:21,832
2019-04-18 15:03:24,816
2019-04-18 15:13:26,830
2019-04-18 15:23:29,821
2019-04-18 15:33:31,812
2019-04-18 15:43:34,800
2019-04-18 15:53:37,790
2019-04-18 16:03:40,780
2019-04-18 16:13:42,765
2019-04-18 16:23:45,750
2019-04-18 16:33:48,734
2019-04-18 16:43:51,710
2019-04-18 16:53:53,681
2019-04-18 17:03:56,648
2019-04-18 17:13:58,603
2019-04-18 17:24:01,541
2019-04-18 17:34:04,457
2019-04-18 17:44:07,367
2019-04-18 17:54:10,294
2019-04-18 18:04:12,247
2019-04-18 18:14:14,235
2019-04-18 18:24:17,229
2019-04-18 18:34:19,223
2019-04-18 18:44:22,226
2019-04-18 18:54:24,226
2019-04-18 19:04:27,228
2019-04-18 19:14:29,225
2019-04-18 19:24:32,225
2019-04-18 19:34:35,225
2019-04-18 19:44:38,223
2019-04-18 19:54:40,219
2019-04-18 20:04:43,220
2019-04-18 20:14:45,221
2019-04-18 20:24:48,223
2019-04-18 20:34:50,229
2019-04-18 20:44:53,229
2019-04-18 20:54:56,224
2019-04-18 21:04:59,226
2019-04-18 21:15:02,228
2019-04-18 21:25:04,224
2019-04-18 21:35:07,224
2019-04-18 21:45:09,225
2019-04-18 21:55:12,223
2019-04-18 22:05:15,225
2019-04-18 22:15:17,225
2019-04-18 22:25:20,225
2019-04-18 22:35:22,226
2019-04-18 22:45:25,229
2019-04-18 22:55:27,228
2019-04-18 23:05:30,225
2019-04-18 23:15:33,224
2019-04-18 23:25:35,228
2019-04-18 23:35:38,225
2019-04-18 23:45:41,226
2019-04-18 23:55:43,225
2019-04-19 00:05:46,224
2019-04-19 00:15:48,225
2019-04-19 00:25:50,226
2019-04-19 00:35:53,230
2019-04-19 00:45:57,220
2019-04-19 00:56:00,220
2019-04-19 01:06:02,220
2019-04-19 01:16:05,220
2019-04-19 01:26:08,219
2019-04-19 01:36:11,218
2019-04-19 01:46:13,217
2019-04-19 01:56:16,221
2019-04-19 02:06:19,220
2019-04-19 02:16:22,224
2019-04-19 02:26:24,235
2019-04-19 02:36:28,245
2019-04-19 02:46:30,288
2019-04-19 02:56:33,341
2019-04-19 03:06:37,400
2019-04-19 03:16:40,488
2019-04-19 03:26:42,569
2019-04-19 03:36:45,660
2019-04-19 03:46:48,709
2019-04-19 03:56:51,746
2019-04-19 04:06:54,778
2019-04-19 04:16:56,788
2019-04-19 04:26:59,816
2019-04-19 04:37:02,832
2019-04-19 04:47:04,844
2019-04-19 04:57:07,866
2019-04-19 05:07:10,888
2019-04-19 05:17:12,881
2019-04-19 05:27:15,879
2019-04-19 05:37:18,900
2019-04-19 05:47:21,914
2019-04-19 05:57:23,905
2019-04-19 06:07:26,901
2019-04-19 06:17:30,903
2019-04-19 06:27:32,897
2019-04-19 06:37:35,912
2019-04-19 06:47:38,889
2019-04-19 06:57:41,922
2019-04-19 07:07:43,932
2019-04-19 07:17:46,922
2019-04-19 07:27:48,906
2019-04-19 07:37:51,915
2019-04-19 07:47:54,898
2019-04-19 07:57:56,896
2019-04-19 08:07:59,894
2019-04-19 08:18:02,900
2019-04-19 08:28:04,907
2019-04-19 08:38:09,904
2019-04-19 08:48:12,907
2019-04-19 08:58:14,921
2019-04-19 09:08:17,924
2019-04-19 09:18:20,930
2019-04-19 09:28:23,938
2019-04-19 09:38:26,941
2019-04-19 09:48:28,931
2019-04-19 09:58:31,933
2019-04-19 10:08:33,928
2019-04-19 10:18:36,931
2019-04-19 10:28:38,931
2019-04-19 10:38:41,941
2019-04-19 10:48:44,921
2019-04-19 10:58:46,927
2019-04-19 11:08:48,919
2019-04-19 11:18:50,914
2019-04-19 11:28:53,909
2019-04-19 11:38:56,919
2019-04-19 11:48:58,928
2019-04-19 11:59:01,927
2019-04-19 12:09:03,927
2019-04-19 12:19:06,938
2019-04-19 12:29:08,941
2019-04-19 12:39:11,933
2019-04-19 12:49:14,932
2019-04-19 12:59:17,932
2019-04-19 13:09:19,914
2019-04-19 13:19:22,913
2019-04-19 13:29:24,888
2019-04-19 13:39:27,908
2019-04-19 13:49:30,893
2019-04-19 13:59:32,902
2019-04-19 14:09:35,893
2019-04-19 14:19:37,894
2019-04-19 14:29:40,894
2019-04-19 14:39:43,901
2019-04-19 14:49:46,878
2019-04-19 14:59:48,861
2019-04-19 15:09:51,856
2019-04-19 15:19:53,833
2019-04-19 15:29:56,811
2019-04-19 15:39:58,797
2019-04-19 15:50:00,826
2019-04-19 16:00:01,769
2019-04-19 16:10:03,808
2019-04-19 16:20:05,763
2019-04-19 16:30:07,689
2019-04-19 16:40:09,672
2019-04-19 16:50:11,656
2019-04-19 17:00:13,602
2019-04-19 17:10:14,548
2019-04-19 17:20:16,540
2019-04-19 17:30:18,489
2019-04-19 17:40:20,413
2019-04-19 17:50:21,348
2019-04-19 18:00:23,265
2019-04-19 18:10:25,229
2019-04-19 18:20:27,225
2019-04-19 18:30:29,225
2019-04-19 18:40:31,230
2019-04-19 18:50:33,240
2019-04-19 19:00:34,240
2019-04-19 19:10:36,234
2019-04-19 19:20:38,236
2019-04-19 19:30:40,236
2019-04-19 19:40:42,242
2019-04-19 19:50:45,246
2019-04-19 20:00:46,250
2019-04-19 20:10:48,253
2019-04-19 20:20:50,252
2019-04-19 20:30:51,255
2019-04-19 20:40:53,254
2019-04-19 20:50:55,252
2019-04-19 21:00:57,260
2019-04-19 21:10:59,258
2019-04-19 21:21:01,254
2019-04-19 21:31:02,255
2019-04-19 21:41:05,249
2019-04-19 21:51:06,254
2019-04-19 22:01:09,254
2019-04-19 22:11:10,262
2019-04-19 22:21:13,254
2019-04-19 22:31:15,266
2019-04-19 22:41:18,262
2019-04-19 22:51:20,267
2019-04-19 23:01:21,265
2019-04-19 23:11:23,266
2019-04-19 23:21:25,274
2019-04-19 23:31:27,261
2019-04-19 23:41:29,273
2019-04-19 23:51:31,273
2019-04-20 00:01:32,273
2019-04-20 00:11:34,274
2019-04-20 00:21:36,283
2019-04-20 00:31:38,276
2019-04-20 00:41:40,277
2019-04-20 00:51:42,274
2019-04-20 01:01:43,280
2019-04-20 01:11:45,282
2019-04-20 01:21:47,273
2019-04-20 01:31:49,273
2019-04-20 01:41:51,276
2019-04-20 01:51:53,274
2019-04-20 02:01:54,277
2019-04-20 02:11:57,277
2019-04-20 02:21:59,276
2019-04-20 02:32:00,291
2019-04-20 02:42:02,343
2019-04-20 02:52:03,398
2019-04-20 03:02:05,481
2019-04-20 03:12:06,543
2019-04-20 03:22:08,601
2019-04-20 03:32:10,640
2019-04-20 03:42:12,674
2019-04-20 03:52:13,703
2019-04-20 04:02:15,726
2019-04-20 04:12:17,746
2019-04-20 04:22:19,762
2019-04-20 04:32:21,776
2019-04-20 04:42:22,792
2019-04-20 04:52:24,802
2019-04-20 05:02:26,814
2019-04-20 05:12:28,825
2019-04-20 05:22:29,834
2019-04-20 05:32:31,844
2019-04-20 05:42:33,852
2019-04-20 05:52:35,857
2019-04-20 06:02:37,864
2019-04-20 06:12:39,868
2019-04-20 06:22:44,872
2019-04-20 06:32:45,876
2019-04-20 06:42:47,879
2019-04-20 06:52:49,881
2019-04-20 07:02:50,883
2019-04-20 07:12:52,884
2019-04-20 07:22:54,885
2019-04-20 07:32:55,885
2019-04-20 07:42:57,886
2019-04-20 07:52:59,888
2019-04-20 08:03:00,889
2019-04-20 08:13:02,889
2019-04-20 08:23:03,890
2019-04-20 08:33:05,892
2019-04-20 08:43:07,896
2019-04-20 08:53:08,890
2019-04-20 09:03:10,880
2019-04-20 09:13:12,903
2019-04-20 09:23:14,906
2019-04-20 09:33:16,912
2019-04-20 09:43:17,916
2019-04-20 09:53:20,921
2019-04-20 10:03:21,925
2019-04-20 10:13:23,928
2019-04-20 10:23:25,926
2019-04-20 10:33:26,926
2019-04-20 10:43:28,925
2019-04-20 10:53:30,920
2019-04-20 11:03:31,924
2019-04-20 11:13:33,906
2019-04-20 11:23:34,954
2019-04-20 11:33:36,951
2019-04-20 11:43:37,945
2019-04-20 11:53:39,944
2019-04-20 12:03:40,948
2019-04-20 12:13:42,942
2019-04-20 12:23:44,934
2019-04-20 12:33:45,927
2019-04-20 12:43:47,918
2019-04-20 12:53:49,913
2019-04-20 13:03:50,916
2019-04-20 13:13:52,915
2019-04-20 13:23:53,914
2019-04-20 13:33:55,905
2019-04-20 13:43:57,885
2019-04-20 13:53:59,879
2019-04-20 14:04:00,865
2019-04-20 14:14:02,835
2019-04-20 14:24:03,810
2019-04-20 14:34:05,790
2019-04-20 14:44:07,785
2019-04-20 14:54:08,809
2019-04-20 15:04:10,766
2019-04-20 15:14:11,756
2019-04-20 15:24:13,732
2019-04-20 15:34:15,700
2019-04-20 15:44:16,708
2019-04-20 15:54:22,681
2019-04-20 16:04:24,706
2019-04-20 16:14:26,677
2019-04-20 16:24:27,608
2019-04-20 16:34:29,597
2019-04-20 16:44:31,591
2019-04-20 16:54:33,573
2019-04-20 17:04:34,589
2019-04-20 17:14:36,541
2019-04-20 17:24:38,501
2019-04-20 17:34:40,451
2019-04-20 17:44:41,393
2019-04-20 17:54:43,333
2019-04-20 18:04:45,292
2019-04-20 18:14:46,271
2019-04-20 18:24:48,262
2019-04-20 18:34:50,264
2019-04-20 18:44:51,261
2019-04-20 18:54:53,262
2019-04-20 19:04:55,262
2019-04-20 19:14:56,265
2019-04-20 19:24:58,260
2019-04-20 19:34:59,262
2019-04-20 19:45:01,261
2019-04-20 19:55:03,266
2019-04-20 20:05:05,273
2019-04-20 20:15:07,270
2019-04-20 20:25:08,266
2019-04-20 20:35:10,271
2019-04-20 20:45:12,269
2019-04-20 20:55:14,267
2019-04-20 21:05:16,270
2019-04-20 21:15:18,276
2019-04-20 21:25:20,274
2019-04-20 21:35:21,282
2019-04-20 21:45:24,274
2019-04-20 21:55:25,274
2019-04-20 22:05:27,272
2019-04-20 22:15:29,272
2019-04-20 22:25:30,278
2019-04-20 22:35:32,273
2019-04-20 22:45:34,273
2019-04-20 22:55:35,271
2019-04-20 23:05:37,274
2019-04-20 23:15:40,277
2019-04-20 23:25:41,286
2019-04-20 23:35:44,285
2019-04-20 23:45:45,276
2019-04-20 23:55:47,277
2019-04-21 00:05:49,273
2019-04-21 00:15:51,276
2019-04-21 00:25:52,285
2019-04-21 00:35:54,283
2019-04-21 00:45:56,276
2019-04-21 00:55:58,276
2019-04-21 01:05:59,278
2019-04-21 01:16:01,283
2019-04-21 01:26:03,282
2019-04-21 01:36:06,276
2019-04-21 01:46:07,273
2019-04-21 01:56:09,276
2019-04-21 02:06:11,277
2019-04-21 02:16:13,284
2019-04-21 02:26:15,303
2019-04-21 02:36:17,336
2019-04-21 02:46:19,385
2019-04-21 02:56:21,454
2019-04-21 03:06:23,522
2019-04-21 03:16:24,580
2019-04-21 03:26:26,622
2019-04-21 03:36:28,663
2019-04-21 03:46:30,689
2019-04-21 03:56:32,717
2019-04-21 04:06:33,739
2019-04-21 04:16:35,757
2019-04-21 04:26:37,773
2019-04-21 04:36:38,786
2019-04-21 04:46:40,800
2019-04-21 04:56:42,812
2019-04-21 05:06:44,822
2019-04-21 05:16:45,832
2019-04-21 05:26:47,842
2019-04-21 05:36:49,846
2019-04-21 05:46:52,858
2019-04-21 05:56:55,859
2019-04-21 06:06:59,865
2019-04-21 06:17:02,869
2019-04-21 06:27:05,871
2019-04-21 06:37:08,876
2019-04-21 06:47:11,878
2019-04-21 06:57:15,881
2019-04-21 07:07:18,884
2019-04-21 07:17:21,885
2019-04-21 07:27:24,888
2019-04-21 07:37:28,888
2019-04-21 07:47:31,890
2019-04-21 07:57:34,893
2019-04-21 08:07:38,891
2019-04-21 08:17:41,894
2019-04-21 08:27:44,894
2019-04-21 08:37:47,896
2019-04-21 08:47:50,898
2019-04-21 08:57:54,903
2019-04-21 09:07:57,906
2019-04-21 09:18:00,908
2019-04-21 09:28:03,914
2019-04-21 09:48:07,925
2019-04-21 09:58:09,927
2019-04-21 10:08:13,928
2019-04-21 10:18:16,929
2019-04-21 10:28:20,927
2019-04-21 10:38:23,927
2019-04-21 10:48:26,925
2019-04-21 10:58:30,921
2019-04-21 11:08:34,918
2019-04-21 11:18:37,912
2019-04-21 11:28:40,907
2019-04-21 11:38:44,906
2019-04-21 11:48:47,902
2019-04-21 11:58:49,898
2019-04-21 12:08:52,897
2019-04-21 12:18:56,895
2019-04-21 12:28:59,894
2019-04-21 12:39:02,893
2019-04-21 12:49:05,890
2019-04-21 12:59:09,889
2019-04-21 13:09:12,889
2019-04-21 13:19:15,886
2019-04-21 13:29:18,885
2019-04-21 13:39:21,883
2019-04-21 13:49:24,881
2019-04-21 13:59:27,879
2019-04-21 14:09:31,874
2019-04-21 14:19:33,868
2019-04-21 14:29:36,866
2019-04-21 14:39:39,860
2019-04-21 14:49:42,849
2019-04-21 14:59:45,841
2019-04-21 15:09:48,834
2019-04-21 15:19:51,825
2019-04-21 15:29:54,816
2019-04-21 15:39:58,806
2019-04-21 15:50:00,797
2019-04-21 16:00:03,785
2019-04-21 16:10:06,774
2019-04-21 16:20:10,758
2019-04-21 16:30:13,741
2019-04-21 16:40:16,721
2019-04-21 16:50:19,685
2019-04-21 17:00:22,645
2019-04-21 17:10:26,577
2019-04-21 17:20:29,524
2019-04-21 17:30:33,444
2019-04-21 17:40:36,369
2019-04-21 17:50:39,317
2019-04-21 18:00:42,271
2019-04-21 18:10:46,240
2019-04-21 18:20:49,226
2019-04-21 18:30:52,224
2019-04-21 18:40:55,225
2019-04-21 18:50:58,220
2019-04-21 19:01:02,225
2019-04-21 19:11:05,231
2019-04-21 19:21:07,228
2019-04-21 19:31:11,230
2019-04-21 19:41:14,234
2019-04-21 19:51:17,233
2019-04-21 20:01:20,230
2019-04-21 20:11:23,233
2019-04-21 20:21:27,229
2019-04-21 20:31:30,229
2019-04-21 20:41:33,224
2019-04-21 20:51:37,224
2019-04-21 21:01:40,226
2019-04-21 21:11:43,225
2019-04-21 21:21:46,226
2019-04-21 21:31:49,223
2019-04-21 21:41:52,224
2019-04-21 21:51:55,228
2019-04-21 22:01:59,219
2019-04-21 22:12:02,223
2019-04-21 22:22:05,224
2019-04-21 22:32:08,234
2019-04-21 22:42:11,234
2019-04-21 22:52:15,223
2019-04-21 23:02:18,220
2019-04-21 23:12:21,220
2019-04-21 23:22:24,225
2019-04-21 23:32:27,225
2019-04-21 23:42:30,234
2019-04-21 23:52:33,226
2019-04-22 00:02:36,233
2019-04-22 00:12:39,226
2019-04-22 00:22:43,232
2019-04-22 00:32:46,230
2019-04-22 00:42:50,223
2019-04-22 00:52:53,230
2019-04-22 01:02:56,223
2019-04-22 01:12:58,225
2019-04-22 01:23:00,226
2019-04-22 01:33:03,228
2019-04-22 01:43:05,224
2019-04-22 01:53:07,226
2019-04-22 02:03:10,230
2019-04-22 02:13:12,240
2019-04-22 02:23:15,247
2019-04-22 02:33:18,274
2019-04-22 02:43:20,320
2019-04-22 02:53:22,396
2019-04-22 03:03:25,490
2019-04-22 03:13:27,573
2019-04-22 03:23:30,644
2019-04-22 03:33:31,694
2019-04-22 03:43:34,725
2019-04-22 03:53:36,759
2019-04-22 04:03:37,794
2019-04-22 04:13:40,813
2019-04-22 04:23:41,816
2019-04-22 04:33:43,836
2019-04-22 04:43:45,845
2019-04-22 04:53:46,824
2019-04-22 05:03:49,822
2019-04-22 05:13:51,847
2019-04-22 05:23:54,893
2019-04-22 05:33:56,913
2019-04-22 05:43:58,912
2019-04-22 05:54:00,918
2019-04-22 06:04:02,937
2019-04-22 06:14:04,926
2019-04-22 06:24:06,954
2019-04-22 06:34:08,955
2019-04-22 06:44:10,952
2019-04-22 06:54:11,946
2019-04-22 07:04:13,946
2019-04-22 07:14:15,936
2019-04-22 07:24:17,940
2019-04-22 07:34:19,939
2019-04-22 07:44:21,942
2019-04-22 07:54:23,931
2019-04-22 08:04:26,940
2019-04-22 08:14:28,945
2019-04-22 08:24:30,931
2019-04-22 08:34:32,950
2019-04-22 08:44:34,933
2019-04-22 08:54:36,944
2019-04-22 09:04:39,919
2019-04-22 09:14:41,931
2019-04-22 09:24:43,948
2019-04-22 09:34:46,963
2019-04-22 09:44:48,948
2019-04-22 09:54:50,931
2019-04-22 10:04:52,925
2019-04-22 10:14:54,933
2019-04-22 10:24:56,952
2019-04-22 10:34:58,970
2019-04-22 10:45:01,961
2019-04-22 10:55:04,933
2019-04-22 11:05:06,924
2019-04-22 11:15:09,897
2019-04-22 11:25:11,919
2019-04-22 11:35:14,915
2019-04-22 11:45:16,944
2019-04-22 11:55:18,914
2019-04-22 12:05:24,917
2019-04-22 12:15:26,912
2019-04-22 12:25:28,894
2019-04-22 12:35:30,865
2019-04-22 12:45:33,876
2019-04-22 12:55:35,878
2019-04-22 13:05:36,904
2019-04-22 13:15:38,892
2019-04-22 13:25:41,867
2019-04-22 13:35:43,838
2019-04-22 13:45:45,841
2019-04-22 13:55:49,847
2019-04-22 14:05:54,847
2019-04-22 14:15:57,842
2019-04-22 14:26:01,838
2019-04-22 14:36:04,836
2019-04-22 14:46:07,836
2019-04-22 14:56:11,792
2019-04-22 15:06:14,800
2019-04-22 15:16:17,808
2019-04-22 15:26:21,812
2019-04-22 15:36:25,816
2019-04-22 15:46:28,810
2019-04-22 15:56:31,798
2019-04-22 16:06:35,795
2019-04-22 16:16:39,788
2019-04-22 16:26:42,774
2019-04-22 16:36:46,770
2019-04-22 16:46:49,726
2019-04-22 16:56:53,667
2019-04-22 17:06:57,661
2019-04-22 17:17:00,629
2019-04-22 17:27:04,576
2019-04-22 17:37:07,499
2019-04-22 17:47:11,450
2019-04-22 17:57:14,418
2019-04-22 18:07:18,393
2019-04-22 18:17:21,387
2019-04-22 18:27:25,366
2019-04-22 18:37:28,365
2019-04-22 18:47:32,384
2019-04-22 18:57:35,381
2019-04-22 19:07:39,381
2019-04-22 19:17:42,379
2019-04-22 19:27:45,367
2019-04-22 19:37:48,381
2019-04-22 19:47:52,381
2019-04-22 19:57:55,367
2019-04-22 20:07:59,370
2019-04-22 20:18:03,381
2019-04-22 20:28:08,367
2019-04-22 20:38:12,380
2019-04-22 20:48:15,366
2019-04-22 20:58:19,367
2019-04-22 21:08:22,375
2019-04-22 21:18:26,376
2019-04-22 21:28:29,375
2019-04-22 21:38:32,370
2019-04-22 21:48:36,376
2019-04-22 21:58:40,378
2019-04-22 22:08:43,369
2019-04-22 22:18:46,372
2019-04-22 22:28:50,366
2019-04-22 22:38:53,370
2019-04-22 22:48:57,387
2019-04-22 22:59:01,379
2019-04-22 23:09:05,381
2019-04-22 23:19:09,366
2019-04-22 23:29:12,379
2019-04-22 23:39:16,377
2019-04-22 23:49:20,379
2019-04-22 23:59:23,382
2019-04-23 00:09:27,365
2019-04-23 00:19:30,368
2019-04-23 00:29:33,369
2019-04-23 00:39:38,368
2019-04-23 00:49:41,368
2019-04-23 00:59:45,365
2019-04-23 01:09:48,374
2019-04-23 01:19:52,374
2019-04-23 01:29:55,377
2019-04-23 01:39:59,372
2019-04-23 01:50:02,388
2019-04-23 02:00:06,390
2019-04-23 02:10:09,378
2019-04-23 02:20:13,379
2019-04-23 02:30:17,412
2019-04-23 02:40:22,428
2019-04-23 02:50:27,476
2019-04-23 03:00:30,521
2019-04-23 03:10:34,580
2019-04-23 03:20:38,620
2019-04-23 03:30:41,662
2019-04-23 03:40:45,696
2019-04-23 03:50:50,722
2019-04-23 04:00:53,741
2019-04-23 04:10:56,762
2019-04-23 04:21:01,778
2019-04-23 04:31:04,792
2019-04-23 04:41:08,804
2019-04-23 04:51:12,812
2019-04-23 05:01:15,823
2019-04-23 05:11:19,832
2019-04-23 05:21:22,842
2019-04-23 05:31:26,849
2019-04-23 05:41:30,856
2019-04-23 05:51:33,861
2019-04-23 06:01:36,867
2019-04-23 06:21:40,877
2019-04-23 06:31:43,880
2019-04-23 06:41:47,884
2019-04-23 06:51:51,885
2019-04-23 07:01:54,888
2019-04-23 07:11:58,892
2019-04-23 07:22:01,892
2019-04-23 07:32:05,894
2019-04-23 07:42:08,897
2019-04-23 07:52:12,898
2019-04-23 08:02:16,898
2019-04-23 08:12:20,900
2019-04-23 08:22:24,903
2019-04-23 08:32:28,905
2019-04-23 08:42:32,908
2019-04-23 08:52:35,913
2019-04-23 09:02:38,925
2019-04-23 09:12:43,894
2019-04-23 09:22:48,928
2019-04-23 09:32:52,938
2019-04-23 09:42:56,909
2019-04-23 09:53:02,932
2019-04-23 10:03:07,928
2019-04-23 10:13:17,928
2019-04-23 10:23:27,926
2019-04-23 10:33:31,933
2019-04-23 10:43:48,922
2019-04-23 10:53:56,919
2019-04-23 11:04:01,921
2019-04-23 11:14:05,913
2019-04-23 11:24:09,906
2019-04-23 11:34:17,903
2019-04-23 11:44:21,894
2019-04-23 11:54:27,890
2019-04-23 12:04:32,889
2019-04-23 12:14:36,885
2019-04-23 12:24:43,880
2019-04-23 12:34:48,877
2019-04-23 12:44:53,873
2019-04-23 12:54:58,871
2019-04-23 13:05:04,870
2019-04-23 13:15:09,867
2019-04-23 13:25:14,865
2019-04-23 13:35:19,861
2019-04-23 13:45:24,859
2019-04-23 13:55:30,853
2019-04-23 14:05:35,849
2019-04-23 14:15:39,844
2019-04-23 14:25:42,855
2019-04-23 14:35:46,848
2019-04-23 14:45:49,845
2019-04-23 14:55:52,834
2019-04-23 15:05:56,828
2019-04-23 15:15:59,820
2019-04-23 15:26:02,808
2019-04-23 15:36:06,811
2019-04-23 15:46:09,811
2019-04-23 15:56:13,798
2019-04-23 16:06:16,787
2019-04-23 16:16:19,778
2019-04-23 16:26:23,768
2019-04-23 16:36:26,759
2019-04-23 16:46:30,748
2019-04-23 16:56:34,732
2019-04-23 17:06:37,716
2019-04-23 17:16:40,702
2019-04-23 17:26:44,667
2019-04-23 17:36:47,641
2019-04-23 17:56:51,615
2019-04-23 18:06:55,602
2019-04-23 18:16:59,595
2019-04-23 18:27:02,590
2019-04-23 18:37:06,584
2019-04-23 18:47:09,593
2019-04-23 18:57:13,596
2019-04-23 19:07:17,596
2019-04-23 19:17:20,588
2019-04-23 19:27:24,592
2019-04-23 19:37:28,585
2019-04-23 19:47:31,597
2019-04-23 19:57:34,596
2019-04-23 20:07:37,588
2019-04-23 20:17:41,597
2019-04-23 20:27:44,591
2019-04-23 20:37:47,377
2019-04-23 20:47:50,386
2019-04-23 20:57:53,387
2019-04-23 21:07:57,387
2019-04-23 21:18:00,372
2019-04-23 21:28:04,386
2019-04-23 21:38:07,386
2019-04-23 21:48:10,385
2019-04-23 21:58:14,384
2019-04-23 22:08:17,386
2019-04-23 22:18:21,379
2019-04-23 22:28:23,375
2019-04-23 22:38:25,385
2019-04-23 22:48:27,377
2019-04-23 22:58:29,384
2019-04-23 23:08:31,386
2019-04-23 23:18:34,382
2019-04-23 23:28:36,381
2019-04-23 23:38:38,373
2019-04-23 23:48:40,388
2019-04-23 23:58:42,384
2019-04-24 00:08:43,380
2019-04-24 00:18:47,382
2019-04-24 00:28:50,374
2019-04-24 00:38:54,374
2019-04-24 00:48:57,387
2019-04-24 00:59:01,387
2019-04-24 01:09:05,376
2019-04-24 01:19:09,388
2019-04-24 01:29:13,389
2019-04-24 01:39:16,376
2019-04-24 01:49:20,378
2019-04-24 01:59:24,396
2019-04-24 02:09:28,376
2019-04-24 02:19:32,396
2019-04-24 02:29:36,413
2019-04-24 02:39:40,442
2019-04-24 02:49:44,469
2019-04-24 02:59:48,528
2019-04-24 03:09:51,569
2019-04-24 03:19:54,633
2019-04-24 03:29:58,669
2019-04-24 03:40:02,705
2019-04-24 03:50:06,728
2019-04-24 04:00:10,752
2019-04-24 04:10:14,769
2019-04-24 04:20:18,782
2019-04-24 04:30:22,796
2019-04-24 04:40:26,806
2019-04-24 04:50:30,816
2019-04-24 05:00:33,829
2019-04-24 05:10:37,835
2019-04-24 05:20:41,846
2019-04-24 05:30:46,856
2019-04-24 05:40:49,861
2019-04-24 05:50:53,868
2019-04-24 06:00:57,871
2019-04-24 06:11:01,874
2019-04-24 06:21:04,880
2019-04-24 06:31:08,884
2019-04-24 06:41:12,888
2019-04-24 06:51:17,891
2019-04-24 07:01:21,894
2019-04-24 07:11:24,900
2019-04-24 07:21:28,900
2019-04-24 07:51:42,908
2019-04-24 08:01:45,908
2019-04-24 08:11:49,910
2019-04-24 08:21:52,913
2019-04-24 08:31:57,914
2019-04-24 08:42:00,914
2019-04-24 08:52:04,918
2019-04-24 09:02:08,920
2019-04-24 09:12:12,925
2019-04-24 09:22:15,928
2019-04-24 09:32:19,931
2019-04-24 09:42:23,932
2019-04-24 09:52:27,932
2019-04-24 10:02:31,931
2019-04-24 10:12:35,927
2019-04-24 10:22:38,926
2019-04-24 10:32:42,926
2019-04-24 10:42:46,926
2019-04-24 10:52:49,924
2019-04-24 11:02:53,924
2019-04-24 11:12:56,915
2019-04-24 11:23:00,909
2019-04-24 11:33:04,906
2019-04-24 11:43:08,900
2019-04-24 11:53:12,897
2019-04-24 12:03:16,893
2019-04-24 12:13:21,890
2019-04-24 12:23:24,886
2019-04-24 12:33:27,884
2019-04-24 12:43:31,881
2019-04-24 12:53:34,878
2019-04-24 13:03:38,873
2019-04-24 13:13:42,869
2019-04-24 13:23:45,865
2019-04-24 13:33:49,864
2019-04-24 13:43:52,861
2019-04-24 13:53:56,858
2019-04-24 14:03:59,853
2019-04-24 14:14:04,846
2019-04-24 14:24:07,841
2019-04-24 14:34:11,835
2019-04-24 14:44:15,830
2019-04-24 14:54:19,820
2019-04-24 15:04:23,813
2019-04-24 15:14:26,806
2019-04-24 15:24:30,797
2019-04-24 15:34:35,786
2019-04-24 15:44:38,775
2019-04-24 15:54:42,764
2019-04-24 16:04:45,753
2019-04-24 16:14:49,742
2019-04-24 16:24:52,728
2019-04-24 16:34:56,710
2019-04-24 16:44:59,684
2019-04-24 16:55:03,662
2019-04-24 17:05:06,631
2019-04-24 17:15:11,602
2019-04-24 17:25:14,564
2019-04-24 17:35:17,526
2019-04-24 17:45:21,484
2019-04-24 17:55:24,446
2019-04-24 18:05:28,408
2019-04-24 18:15:32,379
2019-04-24 18:25:36,385
2019-04-24 18:35:40,363
2019-04-24 18:45:43,377
2019-04-24 18:55:47,370
2019-04-24 19:05:50,378
2019-04-24 19:15:54,378
2019-04-24 19:25:59,384
2019-04-24 19:36:03,375
2019-04-24 19:46:06,372
2019-04-24 20:06:10,378
2019-04-24 20:16:14,376
2019-04-24 20:26:18,370
2019-04-24 20:36:22,384
2019-04-24 20:46:26,385
2019-04-24 20:56:30,384
2019-04-24 21:06:34,384
2019-04-24 21:16:38,377
2019-04-24 21:26:41,385
2019-04-24 21:36:45,376
2019-04-24 21:46:49,385
2019-04-24 21:56:53,388
2019-04-24 22:06:57,391
2019-04-24 22:17:01,390
2019-04-24 22:27:05,380
2019-04-24 22:37:10,375
2019-04-24 22:47:15,381
2019-04-24 22:57:18,393
2019-04-24 23:07:22,368
2019-04-24 23:17:26,378
2019-04-24 23:27:30,375
2019-04-24 23:37:34,387
2019-04-24 23:47:38,388
2019-04-24 23:57:41,397
2019-04-25 00:07:46,374
2019-04-25 00:17:49,388
2019-04-25 00:27:53,376
2019-04-25 00:37:56,387
2019-04-25 00:48:00,394
2019-04-25 00:58:04,391
2019-04-25 01:08:08,393
2019-04-25 01:18:12,386
2019-04-25 01:28:16,374
2019-04-25 01:38:20,393
2019-04-25 01:48:25,380
2019-04-25 01:58:29,386
2019-04-25 02:08:33,391
2019-04-25 02:18:37,405
2019-04-25 02:28:42,414
2019-04-25 02:38:46,450
2019-04-25 02:48:50,500
2019-04-25 02:58:54,547
2019-04-25 03:08:57,585
2019-04-25 03:19:02,627
2019-04-25 03:29:06,662
2019-04-25 03:39:10,689
2019-04-25 03:49:15,739
2019-04-25 03:59:20,764
2019-04-25 04:09:24,796
2019-04-25 04:19:28,841
2019-04-25 04:29:32,835
2019-04-25 04:39:36,772
2019-04-25 04:49:41,810
2019-04-25 04:59:45,835
2019-04-25 05:09:49,876
2019-04-25 05:19:54,853
2019-04-25 05:29:57,902
2019-04-25 05:40:01,876
2019-04-25 05:50:05,874
2019-04-25 06:00:09,885
2019-04-25 06:10:13,876
2019-04-25 06:20:16,798
2019-04-25 06:30:20,792
2019-04-25 06:40:23,795
2019-04-25 06:50:27,814
2019-04-25 07:00:31,818
2019-04-25 07:10:34,783
2019-04-25 07:20:38,769
2019-04-25 07:30:42,784
2019-04-25 07:40:46,786
2019-04-25 07:50:49,817
2019-04-25 08:00:53,806
2019-04-25 08:10:57,792
2019-04-25 08:21:00,860
2019-04-25 08:31:04,890
2019-04-25 08:41:08,867
2019-04-25 08:51:12,881
2019-04-25 09:01:16,908
2019-04-25 09:11:19,900
2019-04-25 09:21:23,918
2019-04-25 09:31:28,904
2019-04-25 09:41:31,906
2019-04-25 09:51:35,938
2019-04-25 10:01:39,931
2019-04-25 10:11:43,929
2019-04-25 10:21:47,916
2019-04-25 10:31:51,942
2019-04-25 10:41:56,925
2019-04-25 10:51:59,948
2019-04-25 11:02:03,895
2019-04-25 11:12:07,914
2019-04-25 11:22:11,940
2019-04-25 11:32:15,914
2019-04-25 11:42:20,902
2019-04-25 11:52:23,906
2019-04-25 12:02:27,889
2019-04-25 12:12:32,897
2019-04-25 12:22:35,902
2019-04-25 12:32:39,914
2019-04-25 12:42:43,901
2019-04-25 12:52:47,883
2019-04-25 13:02:50,885
2019-04-25 13:12:54,867
2019-04-25 13:22:58,861
2019-04-25 13:33:02,858
2019-04-25 13:43:06,873
2019-04-25 13:53:09,865
2019-04-25 14:03:13,840
2019-04-25 14:13:16,822
2019-04-25 14:23:20,778
2019-04-25 14:33:24,775
2019-04-25 14:43:27,762
2019-04-25 14:53:29,746
2019-04-25 15:03:34,718
2019-04-25 15:13:38,726
2019-04-25 15:23:41,775
2019-04-25 15:33:45,786
2019-04-25 15:43:49,793
2019-04-25 15:53:52,741
2019-04-25 16:03:56,774
2019-04-25 16:14:00,746
2019-04-25 16:24:03,762
2019-04-25 16:34:07,716
2019-04-25 16:44:11,645
2019-04-25 16:54:15,624
2019-04-25 17:04:18,567
2019-04-25 17:14:22,538
2019-04-25 17:24:27,484
2019-04-25 17:34:30,394
2019-04-25 17:44:33,374
2019-04-25 17:54:37,381
2019-04-25 18:04:40,354
2019-04-25 18:14:44,346
2019-04-25 18:24:48,345
2019-04-25 18:34:51,338
2019-04-25 18:44:56,330
2019-04-25 18:55:00,342
2019-04-25 19:05:04,339
2019-04-25 19:15:08,334
2019-04-25 19:25:12,339
2019-04-25 19:35:15,327
2019-04-25 19:45:19,339
2019-04-25 19:55:23,330
2019-04-25 20:05:28,333
2019-04-25 20:15:32,328
2019-04-25 20:25:35,319
2019-04-25 20:35:38,330
2019-04-25 20:45:42,331
2019-04-25 20:55:46,324
2019-04-25 21:05:49,320
2019-04-25 21:15:53,331
2019-04-25 21:25:56,332
2019-04-25 21:36:00,332
2019-04-25 21:46:04,327
2019-04-25 21:56:07,332
2019-04-25 22:06:11,337
2019-04-25 22:16:15,337
2019-04-25 22:26:18,337
2019-04-25 22:36:22,339
2019-04-25 22:46:26,339
2019-04-25 22:56:30,329
2019-04-25 23:06:33,342
2019-04-25 23:16:37,343
2019-04-25 23:26:41,341
2019-04-25 23:36:44,342
2019-04-25 23:46:48,340
2019-04-25 23:56:52,331
2019-04-26 00:06:55,345
2019-04-26 00:16:59,336
2019-04-26 00:27:02,349
2019-04-26 00:37:06,340
2019-04-26 00:47:09,346
2019-04-26 00:57:14,338
2019-04-26 01:07:18,344
2019-04-26 01:17:22,344
2019-04-26 01:27:27,354
2019-04-26 01:37:30,353
2019-04-26 01:47:34,352
2019-04-26 01:57:38,339
2019-04-26 02:07:41,353
2019-04-26 02:17:45,343
2019-04-26 02:27:49,367
2019-04-26 02:37:53,381
2019-04-26 02:47:57,422
2019-04-26 02:58:01,437
2019-04-26 03:08:05,426
2019-04-26 03:18:09,451
2019-04-26 03:28:12,496
2019-04-26 03:38:16,532
2019-04-26 03:48:20,568
2019-04-26 03:58:23,609
2019-04-26 04:08:27,606
2019-04-26 04:18:30,607
2019-04-26 04:28:34,662
2019-04-26 04:38:38,680
2019-04-26 04:48:42,721
2019-04-26 04:58:46,793
2019-04-26 05:08:49,808
2019-04-26 05:18:53,860
2019-04-26 05:28:56,912
2019-04-26 05:38:59,909
2019-04-26 05:49:03,915
2019-04-26 05:59:06,856
2019-04-26 06:09:10,816
2019-04-26 06:19:14,854
2019-04-26 06:29:18,843
2019-04-26 06:39:22,847
2019-04-26 06:49:26,901
2019-04-26 06:59:30,914
2019-04-26 07:09:34,898
2019-04-26 07:19:38,902
2019-04-26 07:29:41,892
2019-04-26 07:39:44,847
2019-04-26 07:49:48,866
2019-04-26 07:59:52,871
2019-04-26 08:09:55,888
2019-04-26 08:19:59,889
2019-04-26 08:30:02,888
2019-04-26 08:40:06,831
2019-04-26 08:50:10,824
2019-04-26 09:00:14,828
2019-04-26 09:10:17,832
2019-04-26 09:20:22,812
2019-04-26 09:30:27,830
2019-04-26 09:40:30,857
2019-04-26 09:50:34,880
2019-04-26 10:00:38,884
2019-04-26 10:10:41,928
2019-04-26 10:20:45,914
2019-04-26 10:30:49,905
2019-04-26 10:40:53,895
2019-04-26 10:50:57,886
2019-04-26 11:01:00,828
2019-04-26 11:11:04,832
2019-04-26 11:21:08,828
2019-04-26 11:31:12,890
2019-04-26 11:41:15,928
2019-04-26 11:51:19,940
2019-04-26 12:01:22,937
2019-04-26 12:11:26,932
2019-04-26 12:21:30,919
2019-04-26 12:31:33,932
2019-04-26 12:41:37,924
2019-04-26 12:51:40,905
2019-04-26 13:01:44,897
2019-04-26 13:11:47,889
2019-04-26 13:21:51,832
2019-04-26 13:31:54,844
2019-04-26 13:41:58,859
2019-04-26 13:52:02,833
2019-04-26 14:02:05,840
2019-04-26 14:12:09,854
2019-04-26 14:22:12,813
2019-04-26 14:32:15,862
2019-04-26 14:42:19,829
2019-04-26 14:52:22,844
2019-04-26 15:02:26,805
2019-04-26 15:12:29,782
2019-04-26 15:22:33,715
2019-04-26 15:32:36,645
2019-04-26 15:42:40,685
2019-04-26 15:52:43,642
2019-04-26 16:02:46,662
2019-04-26 16:12:50,718
2019-04-26 16:22:54,727
2019-04-26 16:32:57,759
2019-04-26 16:43:01,751
2019-04-26 16:53:04,748
2019-04-26 17:03:07,679
2019-04-26 17:13:11,634
2019-04-26 17:23:14,592
2019-04-26 17:33:17,516
2019-04-26 17:43:20,469
2019-04-26 17:53:24,432
2019-04-26 18:03:28,385
2019-04-26 18:13:31,357
2019-04-26 18:23:35,340
2019-04-26 18:33:38,334
2019-04-26 18:43:41,339
2019-04-26 18:53:44,329
2019-04-26 19:03:48,338
2019-04-26 19:13:51,334
2019-04-26 19:23:54,333
2019-04-26 19:33:58,338
2019-04-26 19:44:02,332
2019-04-26 19:54:05,328
2019-04-26 20:04:08,336
2019-04-26 20:14:12,330
2019-04-26 20:24:15,336
2019-04-26 20:34:19,339
2019-04-26 20:44:23,327
2019-04-26 20:54:26,331
2019-04-26 21:04:29,336
2019-04-26 21:14:33,329
2019-04-26 21:24:36,341
2019-04-26 21:34:40,339
2019-04-26 21:44:44,328
2019-04-26 21:54:48,342
2019-04-26 22:04:53,328
2019-04-26 22:14:57,338
2019-04-26 22:25:00,337
2019-04-26 22:35:03,338
2019-04-26 22:45:07,332
2019-04-26 22:55:10,337
2019-04-26 23:05:13,329
2019-04-26 23:15:17,329
2019-04-26 23:25:20,338
2019-04-26 23:35:24,336
2019-04-26 23:45:28,334
2019-04-26 23:55:31,341
2019-04-27 00:05:35,327
2019-04-27 00:15:38,329
2019-04-27 00:25:41,333
2019-04-27 00:35:44,337
2019-04-27 00:45:48,339
2019-04-27 00:55:52,338
2019-04-27 01:05:56,342
2019-04-27 01:16:00,340
2019-04-27 01:26:03,327
2019-04-27 01:36:07,333
2019-04-27 01:46:09,336
2019-04-27 01:56:12,337
2019-04-27 02:06:15,340
2019-04-27 02:16:18,346
2019-04-27 02:26:22,365
2019-04-27 02:36:25,402
2019-04-27 02:46:28,448
2019-04-27 02:56:31,522
2019-04-27 03:06:34,567
2019-04-27 03:16:37,603
2019-04-27 03:26:41,645
2019-04-27 03:36:44,682
2019-04-27 03:46:46,711
2019-04-27 03:56:49,738
2019-04-27 04:06:52,762
2019-04-27 04:16:54,773
2019-04-27 04:26:56,782
2019-04-27 04:36:59,795
2019-04-27 04:47:01,806
2019-04-27 04:57:03,816
2019-04-27 05:07:05,824
2019-04-27 05:17:07,832
2019-04-27 05:27:09,842
2019-04-27 05:37:11,848
2019-04-27 05:47:13,852
2019-04-27 05:57:15,859
2019-04-27 06:07:17,865
2019-04-27 06:17:19,869
2019-04-27 06:27:21,872
2019-04-27 06:37:23,876
2019-04-27 06:47:25,878
2019-04-27 06:57:27,880
2019-04-27 07:07:29,883
2019-04-27 07:17:32,885
2019-04-27 07:27:34,888
2019-04-27 07:37:36,889
2019-04-27 07:47:38,891
2019-04-27 07:57:40,894
2019-04-27 08:07:43,896
2019-04-27 08:17:45,900
2019-04-27 08:27:47,905
2019-04-27 08:37:50,908
2019-04-27 08:47:52,914
2019-04-27 08:57:54,916
2019-04-27 09:07:56,919
2019-04-27 09:17:58,921
2019-04-27 09:28:00,924
2019-04-27 09:38:01,926
2019-04-27 09:48:03,925
2019-04-27 09:58:08,922
2019-04-27 10:08:11,921
2019-04-27 10:18:12,915
2019-04-27 10:28:15,914
2019-04-27 10:38:17,921
2019-04-27 10:48:18,921
2019-04-27 10:58:20,922
2019-04-27 11:08:22,910
2019-04-27 11:18:24,902
2019-04-27 11:28:26,895
2019-04-27 11:38:28,885
2019-04-27 11:48:30,882
2019-04-27 11:58:32,878
2019-04-27 12:08:34,873
2019-04-27 12:18:36,868
2019-04-27 12:28:38,865
2019-04-27 12:38:40,862
2019-04-27 12:48:41,860
2019-04-27 12:58:44,856
2019-04-27 13:08:47,853
2019-04-27 13:18:49,849
2019-04-27 13:28:50,848
2019-04-27 13:38:53,845
2019-04-27 13:48:54,844
2019-04-27 13:58:57,841
2019-04-27 14:08:59,834
2019-04-27 14:19:01,831
2019-04-27 14:29:03,826
2019-04-27 14:39:04,820
2019-04-27 14:49:06,811
2019-04-27 14:59:09,802
2019-04-27 15:09:11,794
2019-04-27 15:19:13,786
2019-04-27 15:29:15,780
2019-04-27 15:39:17,769
2019-04-27 15:49:19,759
2019-04-27 15:59:21,751
2019-04-27 16:09:24,741
2019-04-27 16:19:27,730
2019-04-27 16:29:29,718
2019-04-27 16:39:31,701
2019-04-27 16:49:33,680
2019-04-27 16:59:36,658
2019-04-27 17:09:37,633
2019-04-27 17:19:40,606
2019-04-27 17:29:42,574
2019-04-27 17:39:45,535
2019-04-27 17:49:47,490
2019-04-27 17:59:49,446
2019-04-27 18:09:51,406
2019-04-27 18:19:53,398
2019-04-27 18:29:55,375
2019-04-27 18:39:57,366
2019-04-27 18:49:59,370
2019-04-27 19:00:02,369
2019-04-27 19:10:04,373
2019-04-27 19:20:06,372
2019-04-27 19:30:07,368
2019-04-27 19:40:10,370
2019-04-27 19:50:12,375
2019-04-27 20:00:14,369
2019-04-27 20:10:16,373
2019-04-27 20:20:18,362
2019-04-27 20:30:21,365
2019-04-27 20:40:23,362
2019-04-27 20:50:25,366
2019-04-27 21:00:27,362
2019-04-27 21:10:28,364
2019-04-27 21:20:30,360
2019-04-27 21:30:32,375
2019-04-27 21:40:34,362
2019-04-27 21:50:36,370
2019-04-27 22:00:38,369
2019-04-27 22:10:39,369
2019-04-27 22:20:41,368
2019-04-27 22:30:43,364
2019-04-27 22:40:45,376
2019-04-27 22:50:47,368
2019-04-27 23:00:49,368
2019-04-27 23:10:51,375
2019-04-27 23:20:53,355
2019-04-27 23:30:54,353
2019-04-27 23:40:56,366
2019-04-27 23:50:58,354
2019-04-28 00:01:00,365
2019-04-28 00:11:02,368
2019-04-28 00:21:04,358
2019-04-28 00:31:06,363
2019-04-28 00:41:08,357
2019-04-28 00:51:10,365
2019-04-28 01:01:12,351
2019-04-28 01:11:14,348
2019-04-28 01:21:16,356
2019-04-28 01:31:18,351
2019-04-28 01:41:19,356
2019-04-28 01:51:21,353
2019-04-28 02:01:22,358
2019-04-28 02:11:24,355
2019-04-28 02:21:26,382
2019-04-28 02:31:28,422
2019-04-28 02:41:30,470
2019-04-28 02:51:32,516
2019-04-28 03:01:34,564
2019-04-28 03:11:36,607
2019-04-28 03:21:37,646
2019-04-28 03:31:39,676
2019-04-28 03:41:41,710
2019-04-28 03:51:44,732
2019-04-28 04:01:46,748
2019-04-28 04:11:49,769
2019-04-28 04:21:51,785
2019-04-28 04:31:54,800
2019-04-28 04:41:56,811
2019-04-28 04:51:59,821
2019-04-28 05:02:02,833
2019-04-28 05:12:05,842
2019-04-28 05:22:07,857
2019-04-28 05:32:09,866
2019-04-28 05:42:10,866
2019-04-28 05:52:12,871
2019-04-28 06:02:14,876
2019-04-28 06:12:16,879
2019-04-28 06:22:21,884
2019-04-28 06:32:23,885
2019-04-28 06:42:24,890
2019-04-28 06:52:26,893
2019-04-28 07:02:28,894
2019-04-28 07:12:30,895
2019-04-28 07:22:31,902
2019-04-28 07:32:33,896
2019-04-28 07:42:35,895
2019-04-28 07:52:37,898
2019-04-28 08:02:39,902
2019-04-28 08:12:41,905
2019-04-28 08:22:43,907
2019-04-28 08:32:44,915
2019-04-28 08:42:46,916
2019-04-28 08:52:49,920
2019-04-28 09:02:50,922
2019-04-28 09:12:52,922
2019-04-28 09:22:54,925
2019-04-28 09:32:56,927
2019-04-28 09:42:58,927
2019-04-28 09:53:00,927
2019-04-28 10:03:01,925
2019-04-28 10:13:03,919
2019-04-28 10:23:05,916
2019-04-28 10:33:06,921
2019-04-28 10:43:08,928
2019-04-28 10:53:10,924
2019-04-28 11:03:12,924
2019-04-28 11:13:14,910
2019-04-28 11:23:16,900
2019-04-28 11:33:18,890
2019-04-28 11:43:20,885
2019-04-28 11:53:21,879
2019-04-28 12:03:23,873
2019-04-28 12:13:25,869
2019-04-28 12:23:27,865
2019-04-28 12:33:29,859
2019-04-28 12:43:30,865
2019-04-28 12:53:32,858
2019-04-28 13:03:34,848
2019-04-28 13:13:36,847
2019-04-28 13:23:38,845
2019-04-28 13:33:39,841
2019-04-28 13:43:41,838
2019-04-28 13:53:43,834
2019-04-28 14:03:45,831
2019-04-28 14:13:46,824
2019-04-28 14:23:48,821
2019-04-28 14:33:49,818
2019-04-28 14:43:51,807
2019-04-28 14:53:53,798
2019-04-28 15:03:54,793
2019-04-28 15:13:56,783
2019-04-28 15:23:58,778
2019-04-28 15:34:00,769
2019-04-28 15:44:02,764
2019-04-28 15:54:04,752
2019-04-28 16:04:05,745
2019-04-28 16:14:07,735
2019-04-28 16:24:09,722
2019-04-28 16:34:11,712
2019-04-28 16:44:13,693
2019-04-28 16:54:15,682
2019-04-28 17:04:17,660
2019-04-28 17:14:18,628
2019-04-28 17:24:20,592
2019-04-28 17:34:22,557
2019-04-28 17:44:24,507
2019-04-28 17:54:25,478
2019-04-28 18:04:27,436
2019-04-28 18:14:29,392
2019-04-28 18:24:30,380
2019-04-28 18:44:32,363
2019-04-28 18:54:34,360
2019-04-28 19:04:36,355
2019-04-28 19:14:38,367
2019-04-28 19:24:39,369
2019-04-28 19:34:41,356
2019-04-28 19:44:43,355
2019-04-28 19:54:45,367
2019-04-28 20:04:47,369
2019-04-28 20:14:48,363
2019-04-28 20:24:50,355
2019-04-28 20:34:52,377
2019-04-28 20:44:55,370
2019-04-28 20:54:56,355
2019-04-28 21:04:58,364
2019-04-28 21:15:00,375
2019-04-28 21:25:02,357
2019-04-28 21:35:04,356
2019-04-28 21:45:06,374
2019-04-28 21:55:07,377
2019-04-28 22:05:09,356
2019-04-28 22:15:11,357
2019-04-28 22:25:12,366
2019-04-28 22:35:14,356
2019-04-28 22:45:15,360
2019-04-28 22:55:17,362
2019-04-28 23:05:18,368
2019-04-28 23:15:20,356
2019-04-28 23:25:22,369
2019-04-28 23:35:23,369
2019-04-28 23:45:25,368
2019-04-28 23:55:26,365
2019-04-29 00:05:28,361
2019-04-29 00:15:29,361
2019-04-29 00:25:31,357
2019-04-29 00:35:33,368
2019-04-29 00:45:34,364
2019-04-29 00:55:36,357
2019-04-29 01:05:38,373
2019-04-29 01:15:40,365
2019-04-29 01:25:41,366
2019-04-29 01:35:43,354
2019-04-29 01:45:45,366
2019-04-29 01:55:48,369
2019-04-29 02:05:50,376
2019-04-29 02:15:51,389
2019-04-29 02:25:53,399
2019-04-29 02:35:55,438
2019-04-29 02:45:56,481
2019-04-29 02:55:58,532
2019-04-29 03:06:00,576
2019-04-29 03:16:02,612
2019-04-29 03:26:04,645
2019-04-29 03:36:06,673
2019-04-29 03:46:08,696
2019-04-29 03:56:10,721
2019-04-29 04:06:12,745
2019-04-29 04:16:22,756
2019-04-29 04:26:25,769
2019-04-29 04:36:28,782
2019-04-29 04:46:31,796
2019-04-29 04:56:34,807
2019-04-29 05:06:38,819
2019-04-29 05:16:41,831
2019-04-29 05:26:44,840
2019-04-29 05:36:47,846
2019-04-29 05:46:50,852
2019-04-29 05:56:53,857
2019-04-29 06:06:56,862
2019-04-29 06:16:59,868
2019-04-29 06:27:02,871
2019-04-29 06:37:05,876
2019-04-29 06:47:08,878
2019-04-29 06:57:11,880
2019-04-29 07:07:14,883
2019-04-29 07:17:17,886
2019-04-29 07:27:20,893
2019-04-29 07:37:23,894
2019-04-29 07:47:26,894
2019-04-29 07:57:30,897
2019-04-29 08:07:34,903
2019-04-29 08:17:37,903
2019-04-29 08:27:40,908
2019-04-29 08:37:43,912
2019-04-29 08:47:45,915
2019-04-29 08:57:47,915
2019-04-29 09:07:49,916
2019-04-29 09:17:51,919
2019-04-29 09:27:53,921
2019-04-29 09:37:56,922
2019-04-29 09:47:58,921
2019-04-29 09:58:00,919
2019-04-29 10:08:02,916
2019-04-29 10:18:04,912
2019-04-29 10:28:06,909
2019-04-29 10:38:08,926
2019-04-29 10:48:10,925
2019-04-29 10:58:12,924
2019-04-29 11:08:14,913
2019-04-29 11:18:16,897
2019-04-29 11:28:18,889
2019-04-29 11:38:20,880
2019-04-29 11:48:22,874
2019-04-29 11:58:24,868
2019-04-29 12:08:27,862
2019-04-29 12:18:29,856
2019-04-29 12:28:31,854
2019-04-29 12:38:33,853
2019-04-29 12:48:36,847
2019-04-29 12:58:39,847
2019-04-29 13:08:41,843
2019-04-29 13:18:44,841
2019-04-29 13:28:46,836
2019-04-29 13:38:48,834
2019-04-29 13:48:50,834
2019-04-29 13:58:52,831
2019-04-29 14:08:54,824
2019-04-29 14:18:56,822
2019-04-29 14:28:58,819
2019-04-29 14:39:00,810
2019-04-29 14:49:02,800
2019-04-29 14:59:04,794
2019-04-29 15:09:06,787
2019-04-29 15:19:08,780
2019-04-29 15:29:11,772
2019-04-29 15:39:13,764
2019-04-29 15:49:15,758
2019-04-29 15:59:18,746
2019-04-29 16:09:20,736
2019-04-29 16:19:21,726
2019-04-29 16:29:23,713
2019-04-29 16:39:25,701
2019-04-29 16:49:27,682
2019-04-29 16:59:28,656
2019-04-29 17:09:30,633
2019-04-29 17:19:32,601
2019-04-29 17:29:34,559
2019-04-29 17:39:36,523
2019-04-29 17:49:38,487
2019-04-29 17:59:40,444
2019-04-29 18:09:42,413
2019-04-29 18:19:44,378
2019-04-29 18:29:46,385
2019-04-29 18:39:48,376
2019-04-29 18:49:51,357
2019-04-29 18:59:53,369
2019-04-29 19:09:55,365
2019-04-29 19:19:56,365
2019-04-29 19:29:58,368
2019-04-29 19:40:00,364
2019-04-29 19:50:02,362
2019-04-29 20:00:04,365
2019-04-29 20:10:06,358
2019-04-29 20:20:09,372
2019-04-29 20:30:11,376
2019-04-29 20:40:13,360
2019-04-29 20:50:15,363
2019-04-29 21:00:17,374
2019-04-29 21:20:19,377
2019-04-29 21:30:21,341
2019-04-29 21:40:23,375
2019-04-29 21:50:25,360
2019-04-29 22:00:27,370
2019-04-29 22:10:30,365
2019-04-29 22:20:32,366
2019-04-29 22:30:34,375
2019-04-29 22:40:36,376
2019-04-29 22:50:38,360
2019-04-29 23:00:40,377
2019-04-29 23:10:42,385
2019-04-29 23:20:45,377
2019-04-29 23:30:47,376
2019-04-29 23:40:50,370
2019-04-29 23:50:52,367
2019-04-30 00:00:56,380
2019-04-30 00:10:58,367
2019-04-30 00:21:02,367
2019-04-30 00:31:05,363
2019-04-30 00:41:07,382
2019-04-30 00:51:09,381
2019-04-30 01:01:12,369
2019-04-30 01:11:14,376
2019-04-30 01:21:17,374
2019-04-30 01:31:20,373
2019-04-30 01:41:23,382
2019-04-30 01:51:26,374
2019-04-30 02:01:29,386
2019-04-30 02:11:32,385
2019-04-30 02:21:35,413
2019-04-30 02:31:38,440
2019-04-30 02:41:41,505
2019-04-30 02:51:45,561
2019-04-30 03:01:49,598
2019-04-30 03:11:51,644
2019-04-30 03:21:54,685
2019-04-30 03:31:57,736
2019-04-30 03:41:59,747
2019-04-30 03:52:02,759
2019-04-30 04:02:05,782
2019-04-30 04:12:07,797
2019-04-30 04:22:10,825
2019-04-30 04:32:13,821
2019-04-30 04:42:16,840
2019-04-30 04:52:18,826
2019-04-30 05:02:20,834
2019-04-30 05:12:23,856
2019-04-30 05:22:25,874
2019-04-30 05:32:27,879
2019-04-30 05:42:30,884
2019-04-30 05:52:34,849
2019-04-30 06:02:36,822
2019-04-30 06:12:38,868
2019-04-30 06:22:41,897
2019-04-30 06:32:43,868
2019-04-30 06:42:45,869
2019-04-30 06:52:48,900
2019-04-30 07:02:51,927
2019-04-30 07:12:53,908
2019-04-30 07:22:56,917
2019-04-30 07:32:58,908
2019-04-30 07:43:01,941
2019-04-30 07:53:03,917
2019-04-30 08:23:16,919
2019-04-30 08:33:18,918
2019-04-30 08:43:20,895
2019-04-30 08:53:24,937
2019-04-30 09:03:27,937
2019-04-30 09:13:29,894
2019-04-30 09:23:33,928
2019-04-30 09:33:35,936
2019-04-30 09:43:38,928
2019-04-30 09:53:41,925
2019-04-30 10:03:43,914
2019-04-30 10:13:46,915
2019-04-30 10:23:48,912
2019-04-30 10:33:51,921
2019-04-30 10:43:54,926
2019-04-30 10:53:57,921
2019-04-30 11:04:01,921
2019-04-30 11:14:03,906
2019-04-30 11:24:06,895
2019-04-30 11:34:09,886
2019-04-30 11:44:12,881
2019-04-30 11:54:15,865
2019-04-30 12:04:18,870
2019-04-30 12:14:21,869
2019-04-30 12:24:24,861
2019-04-30 12:34:25,857
2019-04-30 12:44:28,865
2019-04-30 12:54:30,857
2019-04-30 13:04:34,852
2019-04-30 13:14:36,840
2019-04-30 13:24:38,853
2019-04-30 13:34:40,858
2019-04-30 13:44:43,853
2019-04-30 13:54:45,846
2019-04-30 14:04:48,835
2019-04-30 14:14:50,826
2019-04-30 14:24:52,821
2019-04-30 14:34:55,814
2019-04-30 14:44:57,802
2019-04-30 14:54:59,796
2019-04-30 15:05:02,787
2019-04-30 15:15:04,780
2019-04-30 15:25:07,775
2019-04-30 15:35:09,769
2019-04-30 15:45:12,759
2019-04-30 15:55:13,749
2019-04-30 16:05:15,705
2019-04-30 16:15:17,729
2019-04-30 16:25:19,716
2019-04-30 16:35:20,702
2019-04-30 16:45:22,682
2019-04-30 16:55:24,663
2019-04-30 17:05:26,640
2019-04-30 17:15:28,609
2019-04-30 17:25:30,586
2019-04-30 17:35:32,552
2019-04-30 17:45:33,509
2019-04-30 17:55:35,600
2019-04-30 18:05:37,594
2019-04-30 18:15:39,586
2019-04-30 18:25:40,569
2019-04-30 18:35:42,577
2019-04-30 18:45:44,564
2019-04-30 18:55:46,568
2019-04-30 19:05:47,576
2019-04-30 19:15:49,573
2019-04-30 19:25:51,570
2019-04-30 19:35:53,572
2019-04-30 19:45:54,572
2019-04-30 19:55:56,124
2019-04-30 20:05:58,127
2019-04-30 20:16:00,125
2019-04-30 20:26:01,135
2019-04-30 20:36:03,129
2019-04-30 20:46:05,129
2019-04-30 20:56:06,126
2019-04-30 21:06:08,127
2019-04-30 21:16:10,128
2019-04-30 21:26:11,133
2019-04-30 21:36:13,130
2019-04-30 21:46:15,141
2019-04-30 21:56:17,137
2019-04-30 22:06:19,137
2019-04-30 22:16:21,127
2019-04-30 22:26:23,128
2019-04-30 22:36:25,128
2019-04-30 22:46:27,128
2019-04-30 22:56:28,127
2019-04-30 23:06:30,135
2019-04-30 23:16:32,126
2019-04-30 23:26:34,126
2019-04-30 23:36:36,129
2019-04-30 23:46:38,127
2019-04-30 23:56:40,137
2019-05-01 00:06:42,128
2019-05-01 00:16:44,128
2019-05-01 00:26:46,136
2019-05-01 00:36:48,129
2019-05-01 00:46:50,140
2019-05-01 00:56:53,134
2019-05-01 01:06:54,130
2019-05-01 01:16:56,130
2019-05-01 01:26:58,129
2019-05-01 01:37:00,134
2019-05-01 01:47:01,136
2019-05-01 01:57:03,158
2019-05-01 02:07:06,184
2019-05-01 02:17:07,234
2019-05-01 02:27:09,301
2019-05-01 02:37:11,376
2019-05-01 02:47:13,451
2019-05-01 02:57:15,516
2019-05-01 03:07:16,572
2019-05-01 03:17:19,615
2019-05-01 03:27:21,642
2019-05-01 03:37:23,670
2019-05-01 03:47:25,691
2019-05-01 03:57:27,715
2019-05-01 04:07:29,730
2019-05-01 04:17:30,748
2019-05-01 04:27:32,761
2019-05-01 04:37:34,781
2019-05-01 04:47:37,794
2019-05-01 04:57:38,801
2019-05-01 05:07:40,816
2019-05-01 05:17:43,828
2019-05-01 05:27:44,835
2019-05-01 05:37:46,846
2019-05-01 05:47:48,852
2019-05-01 05:57:49,860
2019-05-01 06:07:52,870
2019-05-01 06:17:55,877
2019-05-01 06:27:57,878
2019-05-01 06:38:00,882
2019-05-01 06:48:02,885
2019-05-01 06:58:04,888
2019-05-01 07:08:05,891
2019-05-01 07:18:07,894
2019-05-01 07:28:09,897
2019-05-01 07:38:11,897
2019-05-01 07:48:12,898
2019-05-01 07:58:14,902
2019-05-01 08:08:16,904
2019-05-01 08:18:17,907
2019-05-01 08:28:19,912
2019-05-01 08:38:21,913
2019-05-01 08:48:23,915
2019-05-01 08:58:25,915
2019-05-01 09:08:26,916
2019-05-01 09:18:28,916
2019-05-01 09:28:30,917
2019-05-01 09:38:32,920
2019-05-01 09:48:34,918
2019-05-01 09:58:35,917
2019-05-01 10:08:37,915
2019-05-01 10:18:39,909
2019-05-01 10:28:40,914
2019-05-01 10:38:42,926
2019-05-01 10:48:44,925
2019-05-01 10:58:45,922
2019-05-01 11:08:47,913
2019-05-01 11:18:49,900
2019-05-01 11:28:50,890
2019-05-01 11:38:52,882
2019-05-01 11:48:54,876
2019-05-01 11:58:56,868
2019-05-01 12:08:58,864
2019-05-01 12:19:00,858
2019-05-01 12:29:01,855
2019-05-01 12:39:03,854
2019-05-01 12:49:05,848
2019-05-01 12:59:07,846
2019-05-01 13:09:09,823
2019-05-01 13:19:11,840
2019-05-01 13:29:13,845
2019-05-01 13:39:14,834
2019-05-01 13:49:16,821
2019-05-01 13:59:18,841
2019-05-01 14:09:20,823
2019-05-01 14:19:22,831
2019-05-01 14:29:24,797
2019-05-01 14:39:26,801
2019-05-01 14:49:27,812
2019-05-01 14:59:29,786
2019-05-01 15:09:31,773
2019-05-01 15:19:33,794
2019-05-01 15:29:34,818
2019-05-01 15:39:36,796
2019-05-01 15:49:38,785
2019-05-01 15:59:40,773
2019-05-01 16:09:42,765
2019-05-01 16:19:43,739
2019-05-01 16:29:45,690
2019-05-01 16:39:47,701
2019-05-01 16:49:49,664
2019-05-01 16:59:51,610
2019-05-01 17:09:52,549
2019-05-01 17:19:54,469
2019-05-01 17:29:56,314
2019-05-01 17:39:58,306
2019-05-01 17:49:59,298
2019-05-01 18:00:01,247
2019-05-01 18:10:03,190
2019-05-01 18:20:05,169
2019-05-01 18:30:07,157
2019-05-01 18:40:09,137
2019-05-01 18:50:10,135
2019-05-01 19:00:12,136
2019-05-01 19:10:14,137
2019-05-01 19:20:16,135
2019-05-01 19:30:17,136
2019-05-01 19:40:19,136
2019-05-01 19:50:21,137
2019-05-01 20:00:22,134
2019-05-01 20:10:24,134
2019-05-01 20:20:26,148
2019-05-01 20:30:28,135
2019-05-01 20:40:30,137
2019-05-01 20:50:31,135
2019-05-01 21:00:33,135
2019-05-01 21:10:35,135
2019-05-01 21:20:37,135
2019-05-01 21:30:39,135
2019-05-01 21:40:41,135
2019-05-01 21:50:42,138
2019-05-01 22:00:44,142
2019-05-01 22:10:47,136
2019-05-01 22:20:49,137
2019-05-01 22:30:51,138
2019-05-01 22:40:52,142
2019-05-01 22:50:54,136
2019-05-01 23:00:56,139
2019-05-01 23:10:59,136
2019-05-01 23:21:01,135
2019-05-01 23:31:03,135
2019-05-01 23:41:05,145
2019-05-01 23:51:07,139
2019-05-02 00:01:09,135
2019-05-02 00:11:11,136
2019-05-02 00:21:13,140
2019-05-02 00:31:14,136
2019-05-02 00:41:16,147
2019-05-02 00:51:18,140
2019-05-02 01:01:20,135
2019-05-02 01:11:22,138
2019-05-02 01:21:24,140
2019-05-02 01:31:26,142
2019-05-02 01:41:29,144
2019-05-02 01:51:30,148
2019-05-02 02:01:33,158
2019-05-02 02:11:35,169
2019-05-02 02:21:36,207
2019-05-02 02:31:38,276
2019-05-02 02:41:40,326
2019-05-02 02:51:41,406
2019-05-02 03:01:43,429
2019-05-02 03:11:45,462
2019-05-02 03:21:46,506
2019-05-02 03:31:48,463
2019-05-02 03:41:50,506
2019-05-02 03:51:52,509
2019-05-02 04:01:54,569
2019-05-02 04:11:56,609
2019-05-02 04:21:58,632
2019-05-02 04:32:00,588
2019-05-02 04:42:03,582
2019-05-02 04:52:05,758
2019-05-02 05:02:07,760
2019-05-02 05:12:09,776
2019-05-02 05:22:10,825
2019-05-02 05:32:12,814
2019-05-02 05:42:15,784
2019-05-02 05:52:17,823
2019-05-02 06:02:18,806
2019-05-02 06:12:20,818
2019-05-02 06:22:22,840
2019-05-02 06:32:24,861
2019-05-02 06:42:26,888
2019-05-02 06:52:29,867
2019-05-02 07:02:31,859
2019-05-02 07:12:33,868
2019-05-02 07:22:34,855
2019-05-02 07:32:36,832
2019-05-02 07:42:38,820
2019-05-02 07:52:40,802
2019-05-02 08:02:42,745
2019-05-02 08:12:44,744
2019-05-02 08:22:46,706
2019-05-02 08:32:48,750
2019-05-02 08:42:50,740
2019-05-02 08:52:53,754
2019-05-02 09:02:54,822
2019-05-02 09:12:56,842
2019-05-02 09:22:58,734
2019-05-02 09:33:00,849
2019-05-02 09:43:02,870
2019-05-02 09:53:04,856
2019-05-02 10:03:06,806
2019-05-02 10:13:10,847
2019-05-02 10:23:12,895
2019-05-02 10:33:15,860
2019-05-02 10:43:17,846
2019-05-02 10:53:19,796
2019-05-02 11:03:21,809
2019-05-02 11:13:25,872
2019-05-02 11:23:28,853
2019-05-02 11:33:31,796
2019-05-02 11:43:34,811
2019-05-02 11:53:36,773
2019-05-02 12:03:38,725
2019-05-02 12:13:42,772
2019-05-02 12:23:45,794
2019-05-02 12:33:48,785
2019-05-02 12:43:50,784
2019-05-02 12:53:53,807
2019-05-02 13:03:55,821
2019-05-02 13:13:58,775
2019-05-02 13:24:00,734
2019-05-02 13:34:03,728
2019-05-02 13:44:06,680
2019-05-02 13:54:08,682
2019-05-02 14:04:10,606
2019-05-02 14:14:11,614
2019-05-02 14:24:13,646
2019-05-02 14:34:15,673
2019-05-02 14:44:16,654
2019-05-02 14:54:18,606
2019-05-02 15:04:20,657
2019-05-02 15:14:22,703
2019-05-02 15:24:23,656
2019-05-02 15:34:25,589
2019-05-02 15:44:27,680
2019-05-02 15:54:28,692
2019-05-02 16:04:30,662
2019-05-02 16:14:32,654
2019-05-02 16:24:34,528
2019-05-02 16:34:35,509
2019-05-02 16:44:37,540
2019-05-02 16:54:39,485
2019-05-02 17:04:41,437
2019-05-02 17:14:42,367
2019-05-02 17:24:44,415
2019-05-02 17:34:46,363
2019-05-02 17:44:48,328
2019-05-02 17:54:50,273
2019-05-02 18:04:51,211
2019-05-02 18:14:53,153
2019-05-02 18:24:55,126
2019-05-02 18:34:57,99
2019-05-02 18:44:58,88
2019-05-02 18:55:00,84
2019-05-02 19:05:02,82
2019-05-02 19:15:04,84
2019-05-02 19:25:06,85
2019-05-02 19:35:08,84
2019-05-02 19:45:09,84
2019-05-02 19:55:11,86
2019-05-02 20:05:13,88
2019-05-02 20:15:15,84
2019-05-02 20:25:16,86
2019-05-02 20:35:18,86
2019-05-02 20:45:20,84
2019-05-02 20:55:22,84
2019-05-02 21:05:24,85
2019-05-02 21:15:26,89
2019-05-02 21:25:29,88
2019-05-02 21:35:31,86
2019-05-02 21:45:33,85
2019-05-02 21:55:35,89
2019-05-02 22:05:39,93
2019-05-02 22:15:43,92
2019-05-02 22:25:46,100
2019-05-02 22:35:50,91
2019-05-02 22:45:55,91
2019-05-02 22:55:58,89
2019-05-02 23:06:02,96
2019-05-02 23:16:06,99
2019-05-02 23:26:09,92
2019-05-02 23:36:13,92
2019-05-02 23:46:16,92
2019-05-02 23:56:21,96
2019-05-03 00:06:24,88
2019-05-03 00:16:28,94
2019-05-03 00:26:31,96
2019-05-03 00:36:35,96
2019-05-03 00:46:38,96
2019-05-03 00:56:41,69
2019-05-03 01:06:46,85
2019-05-03 01:16:49,104
2019-05-03 01:26:53,104
2019-05-03 01:36:57,106
2019-05-03 01:47:00,113
2019-05-03 01:57:03,113
2019-05-03 02:07:06,127
2019-05-03 02:17:09,148
2019-05-03 02:27:11,178
2019-05-03 02:37:14,216
2019-05-03 02:47:17,277
2019-05-03 02:57:20,297
2019-05-03 03:07:23,362
2019-05-03 03:17:26,414
2019-05-03 03:27:30,497
2019-05-03 03:37:32,528
2019-05-03 03:47:35,564
2019-05-03 03:57:38,589
2019-05-03 04:07:40,656
2019-05-03 04:17:43,601
2019-05-03 04:27:46,653
2019-05-03 04:37:49,760
2019-05-03 04:47:52,728
2019-05-03 04:57:54,687
2019-05-03 05:07:56,703
2019-05-03 05:17:59,619
2019-05-03 05:28:01,724
2019-05-03 05:38:03,774
2019-05-03 05:48:05,708
2019-05-03 05:58:09,787
2019-05-03 06:08:12,793
2019-05-03 06:18:14,818
2019-05-03 06:28:17,823
2019-05-03 06:38:19,881
2019-05-03 06:48:22,908
2019-05-03 06:58:24,854
2019-05-03 07:08:27,893
2019-05-03 07:18:29,866
2019-05-03 07:28:32,869
2019-05-03 07:38:34,849
2019-05-03 07:48:36,889
2019-05-03 07:58:39,912
2019-05-03 08:08:41,889
2019-05-03 08:18:44,912
2019-05-03 08:28:47,931
2019-05-03 08:38:49,903
2019-05-03 08:48:52,931
2019-05-03 08:58:54,946
2019-05-03 09:08:57,914
2019-05-03 09:19:00,913
2019-05-03 09:29:02,931
2019-05-03 09:39:06,927
2019-05-03 09:49:08,937
2019-05-03 09:59:11,908
2019-05-03 10:09:14,855
2019-05-03 10:19:16,930
2019-05-03 10:29:19,936
2019-05-03 10:39:21,901
2019-05-03 10:49:24,942
2019-05-03 10:59:26,922
2019-05-03 11:19:34,883
2019-05-03 11:29:37,897
2019-05-03 11:39:40,910
2019-05-03 11:49:42,921
2019-05-03 11:59:44,868
2019-05-03 12:09:47,881
2019-05-03 12:19:49,873
2019-05-03 12:29:55,898
2019-05-03 12:39:57,873
2019-05-03 12:50:00,904
2019-05-03 13:00:02,893
2019-05-03 13:10:05,880
2019-05-03 13:20:08,898
2019-05-03 13:30:11,883
2019-05-03 13:40:14,876
2019-05-03 13:50:16,853
2019-05-03 14:00:18,865
2019-05-03 14:10:20,828
2019-05-03 14:20:22,845
2019-05-03 14:30:24,853
2019-05-03 14:40:26,821
2019-05-03 14:50:28,830
2019-05-03 15:00:30,832
2019-05-03 15:10:32,761
2019-05-03 15:20:34,758
2019-05-03 15:30:37,756
2019-05-03 15:40:38,735
2019-05-03 15:50:41,764
2019-05-03 16:00:43,692
2019-05-03 16:10:45,694
2019-05-03 16:20:46,637
2019-05-03 16:30:48,661
2019-05-03 16:40:51,691
2019-05-03 16:50:52,712
2019-05-03 17:00:54,632
2019-05-03 17:10:55,522
2019-05-03 17:20:58,567
2019-05-03 17:30:59,505
2019-05-03 17:41:01,549
2019-05-03 17:51:03,452
2019-05-03 18:01:05,354
2019-05-03 18:11:07,270
2019-05-03 18:21:09,196
2019-05-03 18:31:11,159
2019-05-03 18:41:13,133
2019-05-03 18:51:16,115
2019-05-03 19:01:18,104
2019-05-03 19:11:20,108
2019-05-03 19:21:22,108
2019-05-03 19:31:25,99
2019-05-03 19:41:26,105
2019-05-03 19:51:28,100
2019-05-03 20:01:30,103
2019-05-03 20:11:33,103
2019-05-03 20:21:35,106
2019-05-03 20:31:37,103
2019-05-03 20:41:38,105
2019-05-03 20:51:41,109
2019-05-03 21:01:43,109
2019-05-03 21:11:45,102
2019-05-03 21:21:47,102
2019-05-03 21:31:49,102
2019-05-03 21:41:51,109
2019-05-03 21:51:53,104
2019-05-03 22:01:55,109
2019-05-03 22:11:57,102
2019-05-03 22:21:59,103
2019-05-03 22:32:01,103
2019-05-03 22:42:03,109
2019-05-03 22:52:05,102
2019-05-03 23:02:07,108
2019-05-03 23:12:09,94
2019-05-03 23:22:11,104
2019-05-03 23:32:14,109
2019-05-03 23:42:16,100
2019-05-03 23:52:19,103
2019-05-04 00:02:21,114
2019-05-04 00:12:22,108
2019-05-04 00:22:25,111
2019-05-04 00:32:28,111
2019-05-04 00:42:31,103
2019-05-04 00:52:32,103
2019-05-04 01:02:35,104
2019-05-04 01:12:38,112
2019-05-04 01:22:40,113
2019-05-04 01:32:43,113
2019-05-04 01:42:46,115
2019-05-04 01:52:48,137
2019-05-04 02:02:51,180
2019-05-04 02:12:55,224
2019-05-04 02:22:57,286
2019-05-04 02:33:01,354
2019-05-04 02:43:03,424
2019-05-04 02:53:05,469
2019-05-04 03:03:10,508
2019-05-04 03:13:13,538
2019-05-04 03:23:15,562
2019-05-04 03:33:18,589
2019-05-04 03:43:21,613
2019-05-04 03:53:23,632
2019-05-04 04:03:26,649
2019-05-04 04:13:28,670
2019-05-04 04:23:32,693
2019-05-04 04:33:37,711
2019-05-04 04:43:40,729
2019-05-04 04:53:42,750
2019-05-04 05:03:45,763
2019-05-04 05:13:47,785
2019-05-04 05:23:49,797
2019-05-04 05:33:52,814
2019-05-04 05:43:55,819
2019-05-04 05:53:58,833
2019-05-04 06:04:01,844
2019-05-04 06:14:03,857
2019-05-04 06:24:06,883
2019-05-04 06:34:08,908
2019-05-04 06:44:12,907
2019-05-04 06:54:14,889
2019-05-04 07:04:17,903
2019-05-04 07:14:20,918
2019-05-04 07:24:22,926
2019-05-04 07:34:24,918
2019-05-04 07:44:26,908
2019-05-04 07:54:28,916
2019-05-04 08:04:31,888
2019-05-04 08:14:34,905
2019-05-04 08:24:36,896
2019-05-04 08:34:38,832
2019-05-04 08:44:41,898
2019-05-04 08:54:44,776
2019-05-04 09:04:46,765
2019-05-04 09:14:49,721
2019-05-04 09:24:53,763
2019-05-04 09:34:54,769
2019-05-04 09:44:57,871
2019-05-04 09:55:00,823
2019-05-04 10:05:01,937
2019-05-04 10:15:04,938
2019-05-04 10:25:08,897
2019-05-04 10:35:11,889
2019-05-04 10:45:13,960
2019-05-04 10:55:16,936
2019-05-04 11:05:19,888
2019-05-04 11:15:22,894
2019-05-04 11:25:25,921
2019-05-04 11:35:28,893
2019-05-04 11:45:29,728
2019-05-04 11:55:32,836
2019-05-04 12:05:35,834
2019-05-04 12:15:38,881
2019-05-04 12:25:39,888
2019-05-04 12:35:42,884
2019-05-04 12:45:45,778
2019-05-04 12:55:49,698
2019-05-04 13:05:52,732
2019-05-04 13:15:54,711
2019-05-04 13:25:57,607
2019-05-04 13:36:00,628
2019-05-04 13:46:02,817
2019-05-04 13:56:04,805
2019-05-04 14:06:07,800
2019-05-04 14:16:10,801
2019-05-04 14:26:12,709
2019-05-04 14:36:14,722
2019-05-04 14:46:16,760
2019-05-04 14:56:19,686
2019-05-04 15:06:21,601
2019-05-04 15:16:23,483
2019-05-04 15:26:26,513
2019-05-04 15:36:28,488
2019-05-04 15:46:31,466
2019-05-04 15:56:33,565
2019-05-04 16:06:36,726
2019-05-04 16:16:38,698
2019-05-04 16:26:41,593
2019-05-04 16:36:44,535
2019-05-04 16:46:47,497
2019-05-04 16:56:49,629
2019-05-04 17:06:51,644
2019-05-04 17:16:54,380
2019-05-04 17:26:56,364
2019-05-04 17:37:00,237
2019-05-04 17:47:02,319
2019-05-04 17:57:05,390
2019-05-04 18:07:07,341
2019-05-04 18:17:09,264
2019-05-04 18:27:12,190
2019-05-04 18:37:14,151
2019-05-04 18:47:17,123
2019-05-04 18:57:19,116
2019-05-04 19:07:21,111
2019-05-04 19:17:24,113
2019-05-04 19:27:27,109
2019-05-04 19:37:29,106
2019-05-04 19:47:32,105
2019-05-04 19:57:33,106
2019-05-04 20:07:36,108
2019-05-04 20:17:38,113
2019-05-04 20:27:41,105
2019-05-04 20:37:44,109
2019-05-04 20:47:46,105
2019-05-04 20:57:49,104
2019-05-04 21:07:52,110
2019-05-04 21:17:56,102
2019-05-04 21:27:58,104
2019-05-04 21:38:01,112
2019-05-04 21:48:04,117
2019-05-04 21:58:08,105
2019-05-04 22:08:11,102
2019-05-04 22:18:14,102
2019-05-04 22:28:16,105
2019-05-04 22:38:19,102
2019-05-04 22:48:21,108
2019-05-04 22:58:24,108
2019-05-04 23:08:26,103
2019-05-04 23:18:28,102
2019-05-04 23:28:31,109
2019-05-04 23:38:34,110
2019-05-04 23:48:37,101
2019-05-04 23:58:40,101
2019-05-05 00:08:42,109
2019-05-05 00:18:44,99
2019-05-05 00:28:47,96
2019-05-05 00:38:50,99
2019-05-05 00:48:53,100
2019-05-05 00:58:56,111
2019-05-05 01:08:59,104
2019-05-05 01:19:01,108
2019-05-05 01:29:05,106
2019-05-05 01:39:08,117
2019-05-05 01:49:12,126
2019-05-05 01:59:14,175
2019-05-05 02:09:17,211
2019-05-05 02:19:18,274
2019-05-05 02:29:21,338
2019-05-05 02:39:24,400
2019-05-05 02:49:27,457
2019-05-05 02:59:29,497
2019-05-05 03:09:32,552
2019-05-05 03:19:35,543
2019-05-05 03:39:43,607
2019-05-05 03:49:45,629
2019-05-05 03:59:47,645
2019-05-05 04:09:50,666
2019-05-05 04:19:53,686
2019-05-05 04:29:55,713
2019-05-05 04:39:58,729
2019-05-05 04:50:01,747
2019-05-05 05:00:03,762
2019-05-05 05:10:07,783
2019-05-05 05:20:10,795
2019-05-05 05:30:12,812
2019-05-05 05:40:14,820
2019-05-05 05:50:16,821
2019-05-05 06:00:18,836
2019-05-05 06:10:21,850
2019-05-05 06:20:22,853
2019-05-05 06:30:25,866
2019-05-05 06:40:27,873
2019-05-05 06:50:30,876
2019-05-05 07:00:32,878
2019-05-05 07:10:36,883
2019-05-05 07:20:38,889
2019-05-05 07:30:41,831
2019-05-05 07:40:43,897
2019-05-05 07:50:46,898
2019-05-05 08:00:48,906
2019-05-05 08:10:51,932
2019-05-05 08:20:54,914
2019-05-05 08:30:56,862
2019-05-05 08:40:59,926
2019-05-05 08:51:01,946
2019-05-05 09:01:04,832
2019-05-05 09:11:06,818
2019-05-05 09:21:09,932
2019-05-05 09:31:12,942
2019-05-05 09:41:15,883
2019-05-05 09:51:17,810
2019-05-05 10:01:21,858
2019-05-05 10:11:23,883
2019-05-05 10:21:25,888
2019-05-05 10:31:27,951
2019-05-05 10:41:29,933
2019-05-05 10:51:32,933
2019-05-05 11:01:34,943
2019-05-05 11:11:37,908
2019-05-05 11:21:41,889
2019-05-05 11:31:43,879
2019-05-05 11:41:45,897
2019-05-05 11:51:48,878
2019-05-05 12:01:51,849
2019-05-05 12:11:53,843
2019-05-05 12:21:54,728
2019-05-05 12:31:57,868
2019-05-05 12:42:00,889
2019-05-05 12:52:03,897
2019-05-05 13:02:07,889
2019-05-05 13:12:10,834
2019-05-05 13:22:13,831
2019-05-05 13:32:16,889
2019-05-05 13:42:20,859
2019-05-05 13:52:22,835
2019-05-05 14:02:24,858
2019-05-05 14:12:27,859
2019-05-05 14:22:29,729
2019-05-05 14:32:31,823
2019-05-05 14:42:34,835
2019-05-05 14:52:37,822
2019-05-05 15:02:40,773
2019-05-05 15:12:42,797
2019-05-05 15:22:44,806
2019-05-05 15:32:47,812
2019-05-05 15:42:49,778
2019-05-05 15:52:51,763
2019-05-05 16:02:53,622
2019-05-05 16:12:56,688
2019-05-05 16:22:57,674
2019-05-05 16:32:59,674
2019-05-05 16:43:02,658
2019-05-05 16:53:04,648
2019-05-05 17:03:06,627
2019-05-05 17:13:09,621
2019-05-05 17:23:11,594
2019-05-05 17:33:13,530
2019-05-05 17:43:16,482
2019-05-05 17:53:20,432
2019-05-05 18:03:23,356
2019-05-05 18:13:27,272
2019-05-05 18:23:29,205
2019-05-05 18:33:32,151
2019-05-05 18:43:35,112
2019-05-05 18:53:37,94
2019-05-05 19:03:39,86
2019-05-05 19:13:41,82
2019-05-05 19:23:43,87
2019-05-05 19:33:45,82
2019-05-05 19:43:48,81
2019-05-05 19:53:50,86
2019-05-05 20:03:53,86
2019-05-05 20:13:55,80
2019-05-05 20:23:58,84
2019-05-05 20:34:01,81
2019-05-05 20:44:03,82
2019-05-05 20:54:06,79
2019-05-05 21:04:08,88
2019-05-05 21:14:10,81
2019-05-05 21:24:13,90
2019-05-05 21:34:15,92
2019-05-05 21:44:18,86
2019-05-05 21:54:21,86
2019-05-05 22:04:24,89
2019-05-05 22:14:27,85
2019-05-05 22:24:29,79
2019-05-05 22:34:32,94
2019-05-05 22:44:36,86
2019-05-05 22:54:38,92
2019-05-05 23:04:41,84
2019-05-05 23:14:44,85
2019-05-05 23:24:46,86
2019-05-05 23:34:48,86
2019-05-05 23:44:51,86
2019-05-05 23:54:53,98
2019-05-06 00:04:57,97
2019-05-06 00:15:01,87
2019-05-06 00:25:03,85
2019-05-06 00:35:06,85
2019-05-06 00:45:08,85
2019-05-06 00:55:12,86
2019-05-06 01:05:15,86
2019-05-06 01:15:19,89
2019-05-06 01:25:21,89
2019-05-06 01:35:23,93
2019-05-06 01:45:26,108
2019-05-06 01:55:29,152
2019-05-06 02:05:34,196
2019-05-06 02:15:36,257
2019-05-06 02:25:39,334
2019-05-06 02:35:42,393
2019-05-06 02:45:45,439
2019-05-06 02:55:47,485
2019-05-06 03:05:49,511
2019-05-06 03:15:52,540
2019-05-06 03:25:54,565
2019-05-06 03:35:57,589
2019-05-06 03:45:59,616
2019-05-06 03:56:01,628
2019-05-06 04:06:04,652
2019-05-06 04:16:08,665
2019-05-06 04:26:10,684
2019-05-06 04:36:12,706
2019-05-06 04:46:14,728
2019-05-06 04:56:16,747
2019-05-06 05:06:19,763
2019-05-06 05:16:21,797
2019-05-06 05:26:24,808
2019-05-06 05:36:27,817
2019-05-06 05:46:29,812
2019-05-06 05:56:32,826
2019-05-06 06:06:35,843
2019-05-06 06:16:38,853
2019-05-06 06:26:41,857
2019-05-06 06:36:45,865
2019-05-06 06:46:47,871
2019-05-06 06:56:50,878
2019-05-06 07:06:52,883
2019-05-06 07:16:55,885
2019-05-06 07:26:57,893
2019-05-06 07:36:59,889
2019-05-06 07:47:02,888
2019-05-06 07:57:05,893
2019-05-06 08:07:08,892
2019-05-06 08:17:12,898
2019-05-06 08:27:16,898
2019-05-06 08:37:19,896
